{"v":"4.8.0","meta":{"g":"LottieFiles AE ","a":"","k":"","d":"","tc":""},"fr":30,"ip":0,"op":60,"w":450,"h":453,"nm":"delivery boy","ddd":0,"assets":[],"layers":[{"ddd":0,"ind":1,"ty":4,"nm":"bag","parent":6,"sr":1,"ks":{"o":{"a":0,"k":100,"ix":11},"r":{"a":0,"k":0,"ix":10},"p":{"a":0,"k":[400,225,0],"ix":2},"a":{"a":0,"k":[400,225,0],"ix":1},"s":{"a":0,"k":[100,100,100],"ix":6}},"ao":0,"shapes":[{"ty":"gr","it":[{"ind":0,"ty":"sh","ix":1,"ks":{"a":0,"k":{"i":[[1.1,0],[0,0],[0,1.1],[-1.1,0],[0,0],[0,-1.1]],"o":[[0,0],[-1.1,0],[0,-1.1],[0,0],[1.1,0],[0,1.1]],"v":[[63.76,2],[-63.76,2],[-65.76,0],[-63.76,-2],[63.76,-2],[65.76,0]],"c":true},"ix":2},"nm":"Path 1","mn":"ADBE Vector Shape - Group","hd":false},{"ty":"fl","c":{"a":0,"k":[0.333333333333,0.635294117647,1,1],"ix":4},"o":{"a":0,"k":100,"ix":5},"r":1,"bm":0,"nm":"Fill 1","mn":"ADBE Vector Graphic - Fill","hd":false},{"ty":"tr","p":{"a":0,"k":[275.646,126.434],"ix":2},"a":{"a":0,"k":[0,0],"ix":1},"s":{"a":0,"k":[100,100],"ix":3},"r":{"a":0,"k":0,"ix":6},"o":{"a":0,"k":100,"ix":7},"sk":{"a":0,"k":0,"ix":4},"sa":{"a":0,"k":0,"ix":5},"nm":"Transform"}],"nm":"Group 1","np":2,"cix":2,"bm":0,"ix":1,"mn":"ADBE Vector Group","hd":false},{"ty":"gr","it":[{"ind":0,"ty":"sh","ix":1,"ks":{"a":0,"k":{"i":[[6.6,0],[0,0],[0,6.6],[0,0],[-6.6,0],[0,0],[0,-6.6],[0,0]],"o":[[0,0],[-6.6,0],[0,0],[0,-6.6],[0,0],[6.6,0],[0,0],[0,6.6]],"v":[[65.236,14.649],[-65.235,14.649],[-77.235,2.649],[-77.235,-2.649],[-65.235,-14.649],[65.236,-14.649],[77.236,-2.649],[77.236,2.649]],"c":true},"ix":2},"nm":"Path 1","mn":"ADBE Vector Shape - Group","hd":false},{"ty":"fl","c":{"a":0,"k":[0.258823529412,0.521568627451,0.956862804936,1],"ix":4},"o":{"a":0,"k":100,"ix":5},"r":1,"bm":0,"nm":"Fill 1","mn":"ADBE Vector Graphic - Fill","hd":false},{"ty":"tr","p":{"a":0,"k":[275.415,115.955],"ix":2},"a":{"a":0,"k":[0,0],"ix":1},"s":{"a":0,"k":[100,100],"ix":3},"r":{"a":0,"k":0,"ix":6},"o":{"a":0,"k":100,"ix":7},"sk":{"a":0,"k":0,"ix":4},"sa":{"a":0,"k":0,"ix":5},"nm":"Transform"}],"nm":"Group 2","np":2,"cix":2,"bm":0,"ix":2,"mn":"ADBE Vector Group","hd":false},{"ty":"gr","it":[{"ind":0,"ty":"sh","ix":1,"ks":{"a":0,"k":{"i":[[-2.256,0],[0,0],[0,-2.256],[0,0],[29.022,-55.057],[0,0]],"o":[[0,0],[2.256,0],[0,0],[-41.37,16.775],[0,0],[0,-2.256]],"v":[[-57.954,-39.514],[57.953,-39.514],[62.055,-35.413],[62.055,6.789],[-62.056,39.515],[-62.056,-35.413]],"c":true},"ix":2},"nm":"Path 1","mn":"ADBE Vector Shape - Group","hd":false},{"ty":"fl","c":{"a":0,"k":[0.333333333333,0.635294117647,1,1],"ix":4},"o":{"a":0,"k":100,"ix":5},"r":1,"bm":0,"nm":"Fill 1","mn":"ADBE Vector Graphic - Fill","hd":false},{"ty":"tr","p":{"a":0,"k":[275.814,171.796],"ix":2},"a":{"a":0,"k":[0,0],"ix":1},"s":{"a":0,"k":[100,100],"ix":3},"r":{"a":0,"k":0,"ix":6},"o":{"a":0,"k":100,"ix":7},"sk":{"a":0,"k":0,"ix":4},"sa":{"a":0,"k":0,"ix":5},"nm":"Transform"}],"nm":"Group 3","np":2,"cix":2,"bm":0,"ix":3,"mn":"ADBE Vector Group","hd":false},{"ty":"gr","it":[{"ind":0,"ty":"sh","ix":1,"ks":{"a":0,"k":{"i":[[-2.547,0],[0,0],[0,-2.549],[0,0],[2.548,0],[0,0],[0,2.548],[0,0]],"o":[[0,0],[2.548,0],[0,0],[0,2.548],[0,0],[-2.547,0],[0,0],[0,-2.549]],"v":[[-65.451,-62.056],[65.452,-62.056],[70.083,-57.423],[70.083,57.424],[65.452,62.055],[-65.451,62.055],[-70.082,57.424],[-70.082,-57.423]],"c":true},"ix":2},"nm":"Path 1","mn":"ADBE Vector Shape - Group","hd":false},{"ty":"fl","c":{"a":0,"k":[0.258823529412,0.521568627451,0.956862804936,1],"ix":4},"o":{"a":0,"k":100,"ix":5},"r":1,"bm":0,"nm":"Fill 1","mn":"ADBE Vector Graphic - Fill","hd":false},{"ty":"tr","p":{"a":0,"k":[275.814,175.644],"ix":2},"a":{"a":0,"k":[0,0],"ix":1},"s":{"a":0,"k":[100,100],"ix":3},"r":{"a":0,"k":0,"ix":6},"o":{"a":0,"k":100,"ix":7},"sk":{"a":0,"k":0,"ix":4},"sa":{"a":0,"k":0,"ix":5},"nm":"Transform"}],"nm":"Group 4","np":2,"cix":2,"bm":0,"ix":4,"mn":"ADBE Vector Group","hd":false}],"ip":0,"op":60,"st":0,"bm":0},{"ddd":0,"ind":2,"ty":4,"nm":"Driver","parent":6,"sr":1,"ks":{"o":{"a":0,"k":100,"ix":11},"r":{"a":0,"k":0,"ix":10},"p":{"a":0,"k":[400,225,0],"ix":2},"a":{"a":0,"k":[400,225,0],"ix":1},"s":{"a":0,"k":[100,100,100],"ix":6}},"ao":0,"shapes":[{"ty":"gr","it":[{"ind":0,"ty":"sh","ix":1,"ks":{"a":0,"k":{"i":[[-2.42,-0.072],[-1.336,0.314],[-5.021,1.466],[-0.315,-0.062],[-0.308,-0.343],[-0.981,-0.72],[-1.08,0.563],[0.981,0.722],[-1.055,0.515],[0.565,1.028],[-0.945,0.215],[-0.092,0.966],[0.95,1.063],[1.451,1.498],[2.074,0.231],[1.566,-0.539],[3.25,-1.812],[2.725,-1.146],[2.887,0.633],[-0.808,-1.361],[-1.336,-0.038]],"o":[[1.371,0.04],[5.091,-1.199],[0.309,-0.092],[0.452,0.088],[0.813,0.906],[0.98,0.725],[1.08,-0.563],[0.462,1.077],[1.054,-0.514],[0.5,0.83],[0.944,-0.216],[0.134,-1.419],[-1.39,-1.555],[-1.45,-1.5],[-1.644,-0.182],[-3.517,1.214],[-2.582,1.439],[-2.724,1.143],[-1.783,-0.391],[0.695,1.173],[2.421,0.072]],"v":[[-10.263,11.091],[-6.166,10.855],[6.821,2.345],[7.771,2.243],[8.884,3.017],[11.389,5.663],[14.813,6.2],[15.297,3.181],[18.248,4.278],[19.2,1.277],[21.705,2.343],[23.501,0.297],[21.554,-3.364],[17.55,-8.169],[12.201,-11.17],[7.351,-10.329],[-2.825,-5.781],[-10.623,-1.574],[-19.272,-0.419],[-22.827,10.179],[-17.525,10.877]],"c":true},"ix":2},"nm":"Path 1","mn":"ADBE Vector Shape - Group","hd":false},{"ty":"fl","c":{"a":0,"k":[1,0.701960784314,0.541176470588,1],"ix":4},"o":{"a":0,"k":100,"ix":5},"r":1,"bm":0,"nm":"Fill 1","mn":"ADBE Vector Graphic - Fill","hd":false},{"ty":"tr","p":{"a":0,"k":[463.805,191.73],"ix":2},"a":{"a":0,"k":[0,0],"ix":1},"s":{"a":0,"k":[100,100],"ix":3},"r":{"a":0,"k":0,"ix":6},"o":{"a":0,"k":100,"ix":7},"sk":{"a":0,"k":0,"ix":4},"sa":{"a":0,"k":0,"ix":5},"nm":"Transform"}],"nm":"Group 1","np":2,"cix":2,"bm":0,"ix":1,"mn":"ADBE Vector Group","hd":false},{"ty":"gr","it":[{"ind":0,"ty":"sh","ix":1,"ks":{"a":0,"k":{"i":[[-5.756,-2.219],[-2.769,-2.609],[2.846,-8.678],[-0.068,-9.132],[-0.841,1.6],[-1.575,13.164],[1.852,2.962],[2.708,1.32],[15.395,1.657]],"o":[[3.552,1.369],[6.648,6.264],[-2.848,8.678],[1.353,1.201],[6.175,-11.733],[0.415,-3.47],[-1.597,-2.554],[-13.804,-6.734],[-0.395,6.858]],"v":[[5.787,-21.241],[15.757,-15.834],[18.989,9.887],[11.555,36.091],[15.676,33.884],[27.431,-3.883],[26.179,-14.08],[19.054,-19.434],[-27.635,-37.292]],"c":true},"ix":2},"nm":"Path 1","mn":"ADBE Vector Shape - Group","hd":false},{"ty":"fl","c":{"a":0,"k":[0.192156877705,0.427451010311,0.513725490196,1],"ix":4},"o":{"a":0,"k":100,"ix":5},"r":1,"bm":0,"nm":"Fill 1","mn":"ADBE Vector Graphic - Fill","hd":false},{"ty":"tr","p":{"a":0,"k":[428.75,260.697],"ix":2},"a":{"a":0,"k":[0,0],"ix":1},"s":{"a":0,"k":[100,100],"ix":3},"r":{"a":0,"k":0,"ix":6},"o":{"a":0,"k":100,"ix":7},"sk":{"a":0,"k":0,"ix":4},"sa":{"a":0,"k":0,"ix":5},"nm":"Transform"}],"nm":"Group 2","np":2,"cix":2,"bm":0,"ix":2,"mn":"ADBE Vector Group","hd":false},{"ty":"gr","it":[{"ind":0,"ty":"sh","ix":1,"ks":{"a":0,"k":{"i":[[-3.955,-2.275],[-6.722,-0.778],[-7.496,-0.868],[-6.335,-8.294],[-1.047,-0.257],[-1.133,0.329],[-0.118,-1.175],[-0.106,-1.648],[-0.853,0.146],[1.139,-1.782],[0.588,-6.578],[2.438,-4.01],[1.134,-1.8],[0.142,-1.938],[-6.447,0.536],[-3.191,5.812],[-2.317,20.146],[1.017,3.207],[7.068,2.801],[12.327,3.765],[3.502,0.229],[3.1,-0.404],[11.908,-1.558],[-1.967,-6.775]],"o":[[5.867,3.373],[7.495,0.868],[10.368,1.201],[0.655,0.858],[1.145,0.283],[1.133,-0.328],[-1.224,1.108],[0.854,-0.145],[0.5,2.055],[-3.554,5.566],[-0.419,4.673],[-1.103,1.817],[-1.036,1.645],[-0.474,6.452],[6.609,-0.551],[9.76,-17.775],[0.385,-3.342],[-2.298,-7.247],[-11.981,-4.746],[-3.355,-1.027],[-3.118,-0.204],[-11.907,1.563],[-5.527,0.725],[1.293,4.459]],"v":[[-49.175,-32.145],[-29.65,-27.146],[-7.165,-24.539],[21.071,-13.208],[23.448,-11.116],[26.857,-11.845],[29.713,-10.656],[27.915,-6.214],[30.475,-6.651],[28.497,-0.818],[22.163,17.753],[19.609,31.445],[15.769,36.534],[13.966,42.018],[25.888,54.254],[40.134,41.599],[59.346,-15.721],[58.956,-25.73],[41.812,-39.559],[5.332,-52.334],[-4.927,-54.586],[-14.266,-53.979],[-49.988,-49.296],[-58.005,-42.687]],"c":true},"ix":2},"nm":"Path 1","mn":"ADBE Vector Shape - Group","hd":false},{"ty":"fl","c":{"a":0,"k":[0.133333333333,0.36862745098,0.474509833841,1],"ix":4},"o":{"a":0,"k":100,"ix":5},"r":1,"bm":0,"nm":"Fill 1","mn":"ADBE Vector Graphic - Fill","hd":false},{"ty":"tr","p":{"a":0,"k":[403.447,272.73],"ix":2},"a":{"a":0,"k":[0,0],"ix":1},"s":{"a":0,"k":[100,100],"ix":3},"r":{"a":0,"k":0,"ix":6},"o":{"a":0,"k":100,"ix":7},"sk":{"a":0,"k":0,"ix":4},"sa":{"a":0,"k":0,"ix":5},"nm":"Transform"}],"nm":"Group 3","np":2,"cix":2,"bm":0,"ix":3,"mn":"ADBE Vector Group","hd":false},{"ty":"gr","it":[{"ind":0,"ty":"sh","ix":1,"ks":{"a":0,"k":{"i":[[0,0],[2.276,0.109],[0.942,0.591],[-0.555,0.962],[-1.056,0.054],[-1.428,0.517],[-0.308,1.487],[-0.431,-1.288],[0.907,-1.01],[1.2,-0.637]],"o":[[-1.702,1.515],[-1.112,-0.054],[-0.943,-0.59],[0.53,-0.916],[1.516,-0.077],[1.426,-0.515],[1.185,-0.66],[0.431,1.287],[-0.906,1.012],[0,0]],"v":[[3.982,3.104],[-2.529,4.49],[-5.749,3.775],[-6.734,0.923],[-3.924,-0.227],[0.569,-0.85],[3.619,-3.96],[6.859,-2.467],[5.847,1.285],[2.516,3.592]],"c":false},"ix":2},"nm":"Path 1","mn":"ADBE Vector Shape - Group","hd":false},{"ty":"fl","c":{"a":0,"k":[0.054901964524,0.294117647059,0.36862745098,1],"ix":4},"o":{"a":0,"k":100,"ix":5},"r":1,"bm":0,"nm":"Fill 1","mn":"ADBE Vector Graphic - Fill","hd":false},{"ty":"tr","p":{"a":0,"k":[392.646,211.214],"ix":2},"a":{"a":0,"k":[0,0],"ix":1},"s":{"a":0,"k":[100,100],"ix":3},"r":{"a":0,"k":0,"ix":6},"o":{"a":0,"k":100,"ix":7},"sk":{"a":0,"k":0,"ix":4},"sa":{"a":0,"k":0,"ix":5},"nm":"Transform"}],"nm":"Group 4","np":2,"cix":2,"bm":0,"ix":4,"mn":"ADBE Vector Group","hd":false},{"ty":"gr","it":[{"ind":0,"ty":"sh","ix":1,"ks":{"a":0,"k":{"i":[[0,0],[-1.652,1.923],[1.666,2.082],[0.365,0.174],[0.575,-0.495],[-0.74,-1.873],[-1.428,-1.42]],"o":[[2.054,-1.488],[-1.666,-2.083],[-0.255,-0.317],[-0.687,-0.327],[-1.526,1.314],[0.74,1.872],[0,0]],"v":[[-0.739,6.266],[4.845,1.127],[-0.154,-5.12],[-1.041,-5.939],[-3.14,-5.462],[-4.105,0.117],[-0.471,4.883]],"c":false},"ix":2},"nm":"Path 1","mn":"ADBE Vector Shape - Group","hd":false},{"ty":"fl","c":{"a":0,"k":[0.054901964524,0.294117647059,0.36862745098,1],"ix":4},"o":{"a":0,"k":100,"ix":5},"r":1,"bm":0,"nm":"Fill 1","mn":"ADBE Vector Graphic - Fill","hd":false},{"ty":"tr","p":{"a":0,"k":[416.743,124.338],"ix":2},"a":{"a":0,"k":[0,0],"ix":1},"s":{"a":0,"k":[100,100],"ix":3},"r":{"a":0,"k":0,"ix":6},"o":{"a":0,"k":100,"ix":7},"sk":{"a":0,"k":0,"ix":4},"sa":{"a":0,"k":0,"ix":5},"nm":"Transform"}],"nm":"Group 5","np":2,"cix":2,"bm":0,"ix":5,"mn":"ADBE Vector Group","hd":false},{"ty":"gr","it":[{"ind":0,"ty":"sh","ix":1,"ks":{"a":0,"k":{"i":[[1.558,9.34],[0.937,1.939],[2.125,-0.705],[-0.44,-2.684],[-1.283,-7.84],[1.812,-5.344],[-1.199,0.12],[-0.08,-1.323],[-9.614,-0.806],[3.464,0.8],[3.805,1.925],[0.064,5.408]],"o":[[-0.355,-2.122],[-0.974,-2.015],[-2.581,0.857],[1.282,7.84],[0.912,5.568],[1.198,-0.12],[0.081,1.323],[9.265,2.696],[-0.204,-3.55],[-4.142,-0.956],[-4.73,-2.391],[-0.113,-9.467]],"v":[[-8.706,-18.355],[-10.397,-24.562],[-15.62,-27.786],[-17.827,-20.661],[-13.978,2.861],[-13.986,19.61],[-10.388,19.252],[-10.146,23.221],[18.267,28.491],[10.224,22.736],[-2.009,18.574],[-6.195,9.911]],"c":true},"ix":2},"nm":"Path 1","mn":"ADBE Vector Shape - Group","hd":false},{"ty":"fl","c":{"a":0,"k":[0.054901964524,0.294117647059,0.36862745098,1],"ix":4},"o":{"a":0,"k":100,"ix":5},"r":1,"bm":0,"nm":"Fill 1","mn":"ADBE Vector Graphic - Fill","hd":false},{"ty":"tr","p":{"a":0,"k":[410.578,162.018],"ix":2},"a":{"a":0,"k":[0,0],"ix":1},"s":{"a":0,"k":[100,100],"ix":3},"r":{"a":0,"k":0,"ix":6},"o":{"a":0,"k":100,"ix":7},"sk":{"a":0,"k":0,"ix":4},"sa":{"a":0,"k":0,"ix":5},"nm":"Transform"}],"nm":"Group 6","np":2,"cix":2,"bm":0,"ix":6,"mn":"ADBE Vector Group","hd":false},{"ty":"gr","it":[{"ind":0,"ty":"sh","ix":1,"ks":{"a":0,"k":{"i":[[0.829,-7.265],[-8.25,-7.571],[-7.484,-0.82],[-7.49,0.764],[-0.466,0.856],[-1.79,-0.624],[-0.649,0.779],[-1.929,0.548],[-2.349,4.636],[12.426,6.155],[2.111,-0.625],[0.764,9.17],[2.806,3.358]],"o":[[-1.27,11.127],[5.548,5.09],[7.483,0.82],[0.466,-0.857],[1.789,0.625],[0.649,-0.776],[0.634,1.902],[0.598,-5.163],[-13.604,-2.686],[-1.973,-0.975],[1.643,-9.055],[-0.363,-4.361],[-13.183,-15.784]],"v":[[-34.741,2.594],[-25.049,33.466],[-4.513,41.919],[18.016,41.211],[19.414,38.644],[24.781,40.518],[26.727,38.185],[31.544,40.73],[36.012,25.877],[-3.807,14.29],[-10.082,12.848],[-8.757,-14.646],[-12.668,-26.954]],"c":true},"ix":2},"nm":"Path 1","mn":"ADBE Vector Shape - Group","hd":false},{"ty":"fl","c":{"a":0,"k":[0.192156877705,0.427451010311,0.513725490196,1],"ix":4},"o":{"a":0,"k":100,"ix":5},"r":1,"bm":0,"nm":"Fill 1","mn":"ADBE Vector Graphic - Fill","hd":false},{"ty":"tr","p":{"a":0,"k":[409.915,163.995],"ix":2},"a":{"a":0,"k":[0,0],"ix":1},"s":{"a":0,"k":[100,100],"ix":3},"r":{"a":0,"k":0,"ix":6},"o":{"a":0,"k":100,"ix":7},"sk":{"a":0,"k":0,"ix":4},"sa":{"a":0,"k":0,"ix":5},"nm":"Transform"}],"nm":"Group 7","np":2,"cix":2,"bm":0,"ix":7,"mn":"ADBE Vector Group","hd":false},{"ty":"gr","it":[{"ind":0,"ty":"sh","ix":1,"ks":{"a":0,"k":{"i":[[4.04,-10.1],[4.682,-19.546],[-0.474,-1.71],[-1.735,0.378],[-0.026,-1.682],[-4.129,-0.352],[-4.053,0.858],[0,0],[-1.124,1.413],[1.78,0.305],[-1.449,6.156],[-1.455,6.178],[-0.135,10.08],[-5.284,5.258],[-0.82,2.181],[2.422,2.624],[3.155,3.416],[0.75,0.048],[0.596,-0.644],[5.963,-2.916],[4.461,-3.841]],"o":[[-9.438,17.746],[-0.413,1.726],[0.472,1.712],[0.026,1.683],[2.36,3.406],[4.13,0.351],[0,0],[1.767,-0.373],[1.123,-1.415],[6.224,-1.119],[1.455,-6.178],[2.311,-9.813],[0.099,-7.454],[1.652,-1.644],[1.255,-3.342],[-3.155,-3.416],[-0.509,-0.552],[-0.875,-0.057],[-4.6,4.977],[-5.293,2.588],[-8.123,6.996]],"v":[[-24.037,-14.056],[-42.93,43.024],[-43.283,48.278],[-39.385,51.125],[-39.308,56.174],[-28.61,61.682],[-16.301,60.313],[10.013,54.745],[14.816,52.498],[13.746,48.134],[24.033,33.537],[28.397,15.004],[33.165,-14.797],[37.822,-36.03],[42.502,-41.125],[38.729,-50.539],[29.266,-60.786],[27.421,-61.977],[25.229,-60.691],[11.72,-50.824],[-2.936,-41.051]],"c":true},"ix":2},"nm":"Path 1","mn":"ADBE Vector Shape - Group","hd":false},{"ty":"fl","c":{"a":0,"k":[0.149019607843,0.392156892664,0.478431402468,1],"ix":4},"o":{"a":0,"k":100,"ix":5},"r":1,"bm":0,"nm":"Fill 1","mn":"ADBE Vector Graphic - Fill","hd":false},{"ty":"tr","p":{"a":0,"k":[382.369,167.371],"ix":2},"a":{"a":0,"k":[0,0],"ix":1},"s":{"a":0,"k":[100,100],"ix":3},"r":{"a":0,"k":0,"ix":6},"o":{"a":0,"k":100,"ix":7},"sk":{"a":0,"k":0,"ix":4},"sa":{"a":0,"k":0,"ix":5},"nm":"Transform"}],"nm":"Group 8","np":2,"cix":2,"bm":0,"ix":8,"mn":"ADBE Vector Group","hd":false},{"ty":"gr","it":[{"ind":0,"ty":"sh","ix":1,"ks":{"a":0,"k":{"i":[[1.333,-3.469],[-0.385,-3.558],[-0.558,-0.543],[-0.642,-0.171],[-11.296,2.081],[-1.31,1.024],[0.663,1.527],[2.036,0.229],[3.194,1.798],[0.03,3.665],[2.098,1.83],[1.323,0.088],[2.666,-3.22]],"o":[[-1.326,3.325],[0.083,0.775],[0.476,0.464],[11.101,2.952],[1.636,-0.3],[1.31,-1.025],[-0.819,-1.876],[-3.642,-0.413],[-3.194,-1.799],[-0.022,-2.783],[-1,-0.869],[-4.393,-0.287],[-2.351,2.838]],"v":[[-19.279,-0.467],[-21.572,9.91],[-20.738,12.044],[-18.952,12.872],[15.202,14.199],[19.835,12.493],[21.294,8.092],[16.03,5.543],[5.474,2.748],[-0.35,-5.984],[-1.246,-13.959],[-4.995,-15.044],[-14.345,-13.06]],"c":true},"ix":2},"nm":"Path 1","mn":"ADBE Vector Shape - Group","hd":false},{"ty":"fl","c":{"a":0,"k":[0.156862745098,0.078431372549,0.086274509804,1],"ix":4},"o":{"a":0,"k":100,"ix":5},"r":1,"bm":0,"nm":"Fill 1","mn":"ADBE Vector Graphic - Fill","hd":false},{"ty":"tr","p":{"a":0,"k":[433.547,337.205],"ix":2},"a":{"a":0,"k":[0,0],"ix":1},"s":{"a":0,"k":[100,100],"ix":3},"r":{"a":0,"k":0,"ix":6},"o":{"a":0,"k":100,"ix":7},"sk":{"a":0,"k":0,"ix":4},"sa":{"a":0,"k":0,"ix":5},"nm":"Transform"}],"nm":"Group 9","np":2,"cix":2,"bm":0,"ix":9,"mn":"ADBE Vector Group","hd":false},{"ty":"gr","it":[{"ind":0,"ty":"sh","ix":1,"ks":{"a":0,"k":{"i":[[-3.63,-3.964],[-0.369,-1.472],[0.398,-1.345],[0.346,-6.176],[0.349,-1.828],[1.067,-1.796],[1.402,-2.358],[-0.107,-1.701],[-3.047,-1.016],[-1.297,1.334],[-0.244,0.723],[-5.286,15.685],[1.461,3.874],[4.09,2.005],[3.8,1.863],[2.439,-2.789],[-2.767,-2.078]],"o":[[1.025,1.119],[0.341,1.361],[-1.758,5.932],[-0.104,1.858],[-0.393,2.052],[-1.402,2.357],[-0.871,1.464],[0.201,3.205],[1.764,0.589],[0.531,-0.547],[5.286,-15.685],[1.322,-3.923],[-1.607,-4.263],[-3.8,-1.864],[-3.325,-1.631],[-3.405,3.893],[4.298,3.225]],"v":[[-0.665,-15.651],[1.782,-11.871],[1.435,-7.727],[-4.541,9.752],[-4.771,15.322],[-7.317,21.012],[-11.524,28.085],[-13.189,32.833],[-6.457,38.883],[-1.189,38.571],[-0.155,36.553],[15.702,-10.502],[16.885,-22.607],[6.747,-31.253],[-4.654,-36.844],[-14.941,-37.116],[-12.286,-27.965]],"c":true},"ix":2},"nm":"Path 1","mn":"ADBE Vector Shape - Group","hd":false},{"ty":"fl","c":{"a":0,"k":[0.054901964524,0.294117647059,0.36862745098,1],"ix":4},"o":{"a":0,"k":100,"ix":5},"r":1,"bm":0,"nm":"Fill 1","mn":"ADBE Vector Graphic - Fill","hd":false},{"ty":"tr","p":{"a":0,"k":[422.742,282.64],"ix":2},"a":{"a":0,"k":[0,0],"ix":1},"s":{"a":0,"k":[100,100],"ix":3},"r":{"a":0,"k":0,"ix":6},"o":{"a":0,"k":100,"ix":7},"sk":{"a":0,"k":0,"ix":4},"sa":{"a":0,"k":0,"ix":5},"nm":"Transform"}],"nm":"Group 10","np":2,"cix":2,"bm":0,"ix":10,"mn":"ADBE Vector Group","hd":false},{"ty":"gr","it":[{"ind":0,"ty":"sh","ix":1,"ks":{"a":0,"k":{"i":[[2.176,-4.724],[0.437,-2.063],[-1.183,-1.747],[-3.998,0.258],[-1.966,0.127],[-1.253,2.191],[0.645,2.152],[-0.064,5.08],[0.564,1.399],[2.035,0.553],[1.248,-4.414]],"o":[[-0.883,1.916],[-0.437,2.064],[2.248,3.316],[1.966,-0.127],[2.519,-0.162],[1.117,-1.95],[-1.459,-4.867],[0.019,-1.509],[-0.786,-1.955],[-4.59,-1.247],[-1.413,4.995]],"v":[[-10.313,1.855],[-12.589,7.744],[-11.702,13.838],[-0.693,16.99],[5.206,16.609],[11.909,13.85],[11.616,7.316],[9.508,-7.72],[9.04,-12.19],[4.277,-16.001],[-5.051,-12.727]],"c":true},"ix":2},"nm":"Path 1","mn":"ADBE Vector Shape - Group","hd":false},{"ty":"fl","c":{"a":0,"k":[0.082352941176,0.039215686275,0.043137254902,1],"ix":4},"o":{"a":0,"k":100,"ix":5},"r":1,"bm":0,"nm":"Fill 1","mn":"ADBE Vector Graphic - Fill","hd":false},{"ty":"tr","p":{"a":0,"k":[416.739,333.464],"ix":2},"a":{"a":0,"k":[0,0],"ix":1},"s":{"a":0,"k":[100,100],"ix":3},"r":{"a":0,"k":0,"ix":6},"o":{"a":0,"k":100,"ix":7},"sk":{"a":0,"k":0,"ix":4},"sa":{"a":0,"k":0,"ix":5},"nm":"Transform"}],"nm":"Group 11","np":2,"cix":2,"bm":0,"ix":11,"mn":"ADBE Vector Group","hd":false},{"ty":"gr","it":[{"ind":0,"ty":"sh","ix":1,"ks":{"a":0,"k":{"i":[[-0.252,-0.007],[-0.266,0.184],[0,0],[0.28,-0.001]],"o":[[0.317,0.008],[0,0],[-0.276,-0.01],[-0.254,0]],"v":[[-0.323,0.233],[0.577,0.055],[0.5,-0.231],[-0.323,-0.161]],"c":true},"ix":2},"nm":"Path 1","mn":"ADBE Vector Shape - Group","hd":false},{"ty":"fl","c":{"a":0,"k":[0.321568627451,0.203921583587,0.141176470588,1],"ix":4},"o":{"a":0,"k":100,"ix":5},"r":1,"bm":0,"nm":"Fill 1","mn":"ADBE Vector Graphic - Fill","hd":false},{"ty":"tr","p":{"a":0,"k":[456.932,91.211],"ix":2},"a":{"a":0,"k":[0,0],"ix":1},"s":{"a":0,"k":[100,100],"ix":3},"r":{"a":0,"k":0,"ix":6},"o":{"a":0,"k":100,"ix":7},"sk":{"a":0,"k":0,"ix":4},"sa":{"a":0,"k":0,"ix":5},"nm":"Transform"}],"nm":"Group 12","np":2,"cix":2,"bm":0,"ix":12,"mn":"ADBE Vector Group","hd":false},{"ty":"gr","it":[{"ind":0,"ty":"sh","ix":1,"ks":{"a":0,"k":{"i":[[-0.19,-0.102],[-0.711,0.05],[-0.257,0.524],[0,0],[0.457,-0.088],[0.629,0.292]],"o":[[0.624,0.337],[0.531,-0.038],[0,0],[-0.462,-0.008],[-0.685,0.132],[-0.189,-0.088]],"v":[[-1.701,-0.046],[0.312,0.411],[1.892,-0.27],[1.786,-0.452],[0.461,-0.067],[-1.535,-0.329]],"c":true},"ix":2},"nm":"Path 1","mn":"ADBE Vector Shape - Group","hd":false},{"ty":"fl","c":{"a":0,"k":[0.321568627451,0.203921583587,0.141176470588,1],"ix":4},"o":{"a":0,"k":100,"ix":5},"r":1,"bm":0,"nm":"Fill 1","mn":"ADBE Vector Graphic - Fill","hd":false},{"ty":"tr","p":{"a":0,"k":[456.874,90.219],"ix":2},"a":{"a":0,"k":[0,0],"ix":1},"s":{"a":0,"k":[100,100],"ix":3},"r":{"a":0,"k":0,"ix":6},"o":{"a":0,"k":100,"ix":7},"sk":{"a":0,"k":0,"ix":4},"sa":{"a":0,"k":0,"ix":5},"nm":"Transform"}],"nm":"Group 13","np":2,"cix":2,"bm":0,"ix":13,"mn":"ADBE Vector Group","hd":false},{"ty":"gr","it":[{"ind":0,"ty":"sh","ix":1,"ks":{"a":0,"k":{"i":[[0,0],[-0.832,-0.144],[0.116,0.556],[0,0],[0,0],[0,0],[0,0],[0,0],[0,0],[0,0],[0,0],[0.039,0.228]],"o":[[-0.126,0.513],[0.915,0.158],[0,0],[0,0],[0,0],[0,0],[0,0],[0,0],[0,0],[0,0],[-0.036,-0.227],[0,0]],"v":[[-0.426,-0.97],[-0.051,0.988],[0.767,-0.799],[0.441,-1.126],[0.347,-1.146],[-0.024,-0.994],[-0.134,-0.551],[-0.044,-0.238],[-0.049,0.184],[0.055,-0.028],[0.024,-0.29],[-0.109,-0.97]],"c":true},"ix":2},"nm":"Path 1","mn":"ADBE Vector Shape - Group","hd":false},{"ty":"fl","c":{"a":0,"k":[0.321568627451,0.203921583587,0.141176470588,1],"ix":4},"o":{"a":0,"k":100,"ix":5},"r":1,"bm":0,"nm":"Fill 1","mn":"ADBE Vector Graphic - Fill","hd":false},{"ty":"tr","p":{"a":0,"k":[457.499,89.179],"ix":2},"a":{"a":0,"k":[0,0],"ix":1},"s":{"a":0,"k":[100,100],"ix":3},"r":{"a":0,"k":0,"ix":6},"o":{"a":0,"k":100,"ix":7},"sk":{"a":0,"k":0,"ix":4},"sa":{"a":0,"k":0,"ix":5},"nm":"Transform"}],"nm":"Group 14","np":2,"cix":2,"bm":0,"ix":14,"mn":"ADBE Vector Group","hd":false},{"ty":"gr","it":[{"ind":0,"ty":"sh","ix":1,"ks":{"a":0,"k":{"i":[[0,0],[-1.681,0.256],[-0.438,0.806],[0.197,-0.053],[0.56,-0.173],[0.617,-0.15],[1.014,-0.681]],"o":[[1.505,-0.897],[0.85,-0.131],[0.097,-0.175],[-0.562,0.149],[-0.608,0.189],[-1.186,0.291],[0,0]],"v":[[-3.573,1.303],[1.209,0.155],[3.498,-0.913],[3.24,-1.25],[1.659,-0.593],[-0.203,-0.179],[-3.595,1.265]],"c":true},"ix":2},"nm":"Path 1","mn":"ADBE Vector Shape - Group","hd":false},{"ty":"fl","c":{"a":0,"k":[0.321568627451,0.203921583587,0.141176470588,1],"ix":4},"o":{"a":0,"k":100,"ix":5},"r":1,"bm":0,"nm":"Fill 1","mn":"ADBE Vector Graphic - Fill","hd":false},{"ty":"tr","p":{"a":0,"k":[456.705,88.244],"ix":2},"a":{"a":0,"k":[0,0],"ix":1},"s":{"a":0,"k":[100,100],"ix":3},"r":{"a":0,"k":0,"ix":6},"o":{"a":0,"k":100,"ix":7},"sk":{"a":0,"k":0,"ix":4},"sa":{"a":0,"k":0,"ix":5},"nm":"Transform"}],"nm":"Group 15","np":2,"cix":2,"bm":0,"ix":15,"mn":"ADBE Vector Group","hd":false},{"ty":"gr","it":[{"ind":0,"ty":"sh","ix":1,"ks":{"a":0,"k":{"i":[[-0.304,0.15],[-2.585,-0.049],[-0.024,1.343],[0,0],[0.775,0.002],[0.986,-0.191],[0.917,-1.444]],"o":[[2.337,-1.151],[1.14,0.021],[0,0],[-0.768,-0.118],[-0.989,-0.003],[-1.607,0.309],[-0.207,0.325]],"v":[[-4.269,1.591],[2.585,0.171],[4.971,-1.497],[4.875,-1.624],[2.585,-1.493],[-0.287,-1.376],[-4.764,1.097]],"c":true},"ix":2},"nm":"Path 1","mn":"ADBE Vector Shape - Group","hd":false},{"ty":"fl","c":{"a":0,"k":[0.321568627451,0.203921583587,0.141176470588,1],"ix":4},"o":{"a":0,"k":100,"ix":5},"r":1,"bm":0,"nm":"Fill 1","mn":"ADBE Vector Graphic - Fill","hd":false},{"ty":"tr","p":{"a":0,"k":[456.81,84.479],"ix":2},"a":{"a":0,"k":[0,0],"ix":1},"s":{"a":0,"k":[100,100],"ix":3},"r":{"a":0,"k":0,"ix":6},"o":{"a":0,"k":100,"ix":7},"sk":{"a":0,"k":0,"ix":4},"sa":{"a":0,"k":0,"ix":5},"nm":"Transform"}],"nm":"Group 16","np":2,"cix":2,"bm":0,"ix":16,"mn":"ADBE Vector Group","hd":false},{"ty":"gr","it":[{"ind":0,"ty":"sh","ix":1,"ks":{"a":0,"k":{"i":[[-1.39,-3.695],[0,0],[0,0],[0.744,-0.204],[0.568,5.431],[-0.214,0.537],[-0.85,-0.832],[-0.048,-0.866]],"o":[[0,0],[0,0],[-0.687,0.348],[-1.755,-5.17],[-0.06,-0.573],[0.37,-0.922],[0.517,0.506],[0.228,3.94]],"v":[[3.008,8.25],[3.068,8.8],[2.697,9.117],[0.546,9.949],[-2.957,-6.02],[-2.854,-7.731],[0.603,-9.117],[0.572,-3.29]],"c":true},"ix":2},"nm":"Path 1","mn":"ADBE Vector Shape - Group","hd":false},{"ty":"fl","c":{"a":0,"k":[0.474509833841,0.054901964524,0.054901964524,1],"ix":4},"o":{"a":0,"k":100,"ix":5},"r":1,"bm":0,"nm":"Fill 1","mn":"ADBE Vector Graphic - Fill","hd":false},{"ty":"tr","p":{"a":0,"k":[426.198,107.215],"ix":2},"a":{"a":0,"k":[0,0],"ix":1},"s":{"a":0,"k":[100,100],"ix":3},"r":{"a":0,"k":0,"ix":6},"o":{"a":0,"k":100,"ix":7},"sk":{"a":0,"k":0,"ix":4},"sa":{"a":0,"k":0,"ix":5},"nm":"Transform"}],"nm":"Group 17","np":2,"cix":2,"bm":0,"ix":17,"mn":"ADBE Vector Group","hd":false},{"ty":"gr","it":[{"ind":0,"ty":"sh","ix":1,"ks":{"a":0,"k":{"i":[[4.256,-1.478],[3.722,-5.132],[-2.513,-5.82],[-1.759,-0.682],[-1.786,1.787],[-3.621,3.637],[-3.111,2.609],[1.864,3.229]],"o":[[-5.988,2.079],[-3.722,5.131],[0.748,1.731],[2.354,0.914],[3.564,-3.565],[2.958,-2.969],[2.684,-2.25],[-2.708,-4.688]],"v":[[2.759,-15.611],[-12.663,-4.99],[-15.306,12.995],[-11.62,17.088],[-4.757,15.053],[4.324,2.932],[14.108,-4.016],[15.956,-13.313]],"c":true},"ix":2},"nm":"Path 1","mn":"ADBE Vector Shape - Group","hd":false},{"ty":"fl","c":{"a":0,"k":[0.921568687289,0,0.003921568627,1],"ix":4},"o":{"a":0,"k":100,"ix":5},"r":1,"bm":0,"nm":"Fill 1","mn":"ADBE Vector Graphic - Fill","hd":false},{"ty":"tr","p":{"a":0,"k":[417.05,70.646],"ix":2},"a":{"a":0,"k":[0,0],"ix":1},"s":{"a":0,"k":[100,100],"ix":3},"r":{"a":0,"k":0,"ix":6},"o":{"a":0,"k":100,"ix":7},"sk":{"a":0,"k":0,"ix":4},"sa":{"a":0,"k":0,"ix":5},"nm":"Transform"}],"nm":"Group 18","np":2,"cix":2,"bm":0,"ix":18,"mn":"ADBE Vector Group","hd":false},{"ty":"gr","it":[{"ind":0,"ty":"sh","ix":1,"ks":{"a":0,"k":{"i":[[-7.839,0.6],[-0.861,0.544],[-0.477,0.891],[-3.31,3.479],[-5.591,0.007],[-4.353,1.068],[-0.667,0.53],[-0.052,1.61],[4.531,3.397],[9.582,-0.548],[7.323,-6.816],[1.076,-5.475],[-0.442,-3.434],[-1.325,-2.69]],"o":[[0.991,-0.076],[0.817,-0.515],[2.326,-4.34],[4.044,-4.248],[4.461,-0.004],[0.803,-0.197],[1.186,-0.945],[0.194,-6.029],[-7.928,-5.944],[-9.581,0.548],[-3.891,3.617],[-0.668,3.389],[0.39,3.031],[4.554,9.245]],"v":[[-8.69,23.338],[-5.812,22.623],[-3.94,20.348],[2.246,6.976],[18.221,3.275],[31.496,1.662],[33.788,0.709],[35.48,-3.57],[26.896,-18.09],[-0.333,-26.482],[-26.624,-15.032],[-35.007,-1.348],[-34.964,8.999],[-32.708,17.786]],"c":true},"ix":2},"nm":"Path 1","mn":"ADBE Vector Shape - Group","hd":false},{"ty":"fl","c":{"a":0,"k":[0.737254901961,0.039215686275,0.03137254902,1],"ix":4},"o":{"a":0,"k":100,"ix":5},"r":1,"bm":0,"nm":"Fill 1","mn":"ADBE Vector Graphic - Fill","hd":false},{"ty":"tr","p":{"a":0,"k":[435.212,76.99],"ix":2},"a":{"a":0,"k":[0,0],"ix":1},"s":{"a":0,"k":[100,100],"ix":3},"r":{"a":0,"k":0,"ix":6},"o":{"a":0,"k":100,"ix":7},"sk":{"a":0,"k":0,"ix":4},"sa":{"a":0,"k":0,"ix":5},"nm":"Transform"}],"nm":"Group 19","np":2,"cix":2,"bm":0,"ix":19,"mn":"ADBE Vector Group","hd":false},{"ty":"gr","it":[{"ind":0,"ty":"sh","ix":1,"ks":{"a":0,"k":{"i":[[0,2.892],[-0.671,0.949],[-1.283,0.346],[-2.062,1.198],[-0.425,0.018],[0.062,-0.967],[0.408,-0.88],[0,0],[-0.155,-0.134],[0.612,-0.792],[0.998,-0.076],[0.317,-0.577],[0.008,-0.312],[2.945,-0.636],[0.028,-0.65],[0.185,-0.162],[0.352,0.192],[-0.75,2.793]],"o":[[0.086,-1.159],[0.768,-1.085],[2.302,-0.621],[0.365,-0.214],[0.968,-0.04],[-0.06,0.967],[0,0],[0.055,0.198],[0.758,0.656],[-0.613,0.791],[-0.657,0.05],[-0.152,0.272],[-0.079,3.011],[0.209,0.616],[-0.012,0.246],[-0.302,0.263],[-2.182,-1.181],[0.683,-2.544]],"v":[[-5.11,-1.92],[-4.389,-5.283],[-0.909,-7.044],[5.674,-9.789],[6.845,-10.248],[8.424,-8.213],[7.414,-5.508],[7.313,-4.993],[7.715,-4.541],[7.828,-1.819],[5.187,-0.585],[3.415,0.059],[3.265,0.971],[-2.085,7.425],[-1.812,9.348],[-2.049,10.025],[-3.171,9.915],[-7.736,5.301]],"c":true},"ix":2},"nm":"Path 1","mn":"ADBE Vector Shape - Group","hd":false},{"ty":"fl","c":{"a":0,"k":[0.678431372549,0.807843197093,0.800000059838,1],"ix":4},"o":{"a":0,"k":100,"ix":5},"r":1,"bm":0,"nm":"Fill 1","mn":"ADBE Vector Graphic - Fill","hd":false},{"ty":"tr","p":{"a":0,"k":[452.331,106.975],"ix":2},"a":{"a":0,"k":[0,0],"ix":1},"s":{"a":0,"k":[100,100],"ix":3},"r":{"a":0,"k":0,"ix":6},"o":{"a":0,"k":100,"ix":7},"sk":{"a":0,"k":0,"ix":4},"sa":{"a":0,"k":0,"ix":5},"nm":"Transform"}],"nm":"Group 20","np":2,"cix":2,"bm":0,"ix":20,"mn":"ADBE Vector Group","hd":false},{"ty":"gr","it":[{"ind":0,"ty":"sh","ix":1,"ks":{"a":0,"k":{"i":[[-0.621,-0.418],[-6.092,-4.579],[0.593,0.447],[6.317,4.263]],"o":[[6.317,4.262],[0.6,0.452],[-6.093,-4.579],[-0.625,-0.421]],"v":[[-9.587,-6.143],[9.025,7.12],[9.615,6.112],[-8.999,-7.151]],"c":true},"ix":2},"nm":"Path 1","mn":"ADBE Vector Shape - Group","hd":false},{"ty":"fl","c":{"a":0,"k":[0.760784373564,0.917647118662,0.909803981407,1],"ix":4},"o":{"a":0,"k":100,"ix":5},"r":1,"bm":0,"nm":"Fill 1","mn":"ADBE Vector Graphic - Fill","hd":false},{"ty":"tr","p":{"a":0,"k":[431.515,108.324],"ix":2},"a":{"a":0,"k":[0,0],"ix":1},"s":{"a":0,"k":[100,100],"ix":3},"r":{"a":0,"k":0,"ix":6},"o":{"a":0,"k":100,"ix":7},"sk":{"a":0,"k":0,"ix":4},"sa":{"a":0,"k":0,"ix":5},"nm":"Transform"}],"nm":"Group 21","np":2,"cix":2,"bm":0,"ix":21,"mn":"ADBE Vector Group","hd":false},{"ty":"gr","it":[{"ind":0,"ty":"sh","ix":1,"ks":{"a":0,"k":{"i":[[-0.598,-0.441],[-4.148,-2.289],[0.658,0.364],[3.812,2.811]],"o":[[3.812,2.811],[0.657,0.363],[-4.146,-2.289],[-0.605,-0.446]],"v":[[-6.292,-3.278],[5.643,4.369],[6.233,3.36],[-5.702,-4.286]],"c":true},"ix":2},"nm":"Path 1","mn":"ADBE Vector Shape - Group","hd":false},{"ty":"fl","c":{"a":0,"k":[0.760784373564,0.917647118662,0.909803981407,1],"ix":4},"o":{"a":0,"k":100,"ix":5},"r":1,"bm":0,"nm":"Fill 1","mn":"ADBE Vector Graphic - Fill","hd":false},{"ty":"tr","p":{"a":0,"k":[440.572,94.946],"ix":2},"a":{"a":0,"k":[0,0],"ix":1},"s":{"a":0,"k":[100,100],"ix":3},"r":{"a":0,"k":0,"ix":6},"o":{"a":0,"k":100,"ix":7},"sk":{"a":0,"k":0,"ix":4},"sa":{"a":0,"k":0,"ix":5},"nm":"Transform"}],"nm":"Group 22","np":2,"cix":2,"bm":0,"ix":22,"mn":"ADBE Vector Group","hd":false},{"ty":"gr","it":[{"ind":0,"ty":"sh","ix":1,"ks":{"a":0,"k":{"i":[[-3.509,1.623],[-1.44,-0.24],[0.112,-2.197],[1.125,-1.891],[1.962,-3.199],[2.156,-1.315],[2.985,0.985],[2.582,1.793],[-1.155,1.231],[0.331,3.255],[-4.092,0.781]],"o":[[1.326,-0.613],[2.171,0.361],[-0.113,2.198],[-1.918,3.226],[-1.322,2.154],[-2.686,1.638],[-2.988,-0.985],[0.113,-1.686],[2.238,-2.384],[-0.518,-5.095],[3.798,-0.726]],"v":[[7.598,-12.843],[11.773,-13.907],[15.146,-8.91],[12.753,-2.83],[6.954,6.821],[2.061,12.51],[-7.06,13.11],[-15.259,8.515],[-12.314,4.548],[-9.948,-4.663],[-3.421,-9.305]],"c":true},"ix":2},"nm":"Path 1","mn":"ADBE Vector Shape - Group","hd":false},{"ty":"fl","c":{"a":0,"k":[0.760784373564,0.917647118662,0.909803981407,1],"ix":4},"o":{"a":0,"k":100,"ix":5},"r":1,"bm":0,"nm":"Fill 1","mn":"ADBE Vector Graphic - Fill","hd":false},{"ty":"tr","p":{"a":0,"k":[453.912,106.462],"ix":2},"a":{"a":0,"k":[0,0],"ix":1},"s":{"a":0,"k":[100,100],"ix":3},"r":{"a":0,"k":0,"ix":6},"o":{"a":0,"k":100,"ix":7},"sk":{"a":0,"k":0,"ix":4},"sa":{"a":0,"k":0,"ix":5},"nm":"Transform"}],"nm":"Group 23","np":2,"cix":2,"bm":0,"ix":23,"mn":"ADBE Vector Group","hd":false},{"ty":"gr","it":[{"ind":0,"ty":"sh","ix":1,"ks":{"a":0,"k":{"i":[[0,0],[0.166,0.104],[0.05,0.19],[-0.261,0.704],[-0.638,-0.396],[1.031,0.837],[1.09,-0.758],[0.373,-0.998],[-0.184,-0.853],[-0.425,-0.59],[-0.493,-0.682],[-0.815,-0.021],[-0.153,0.803],[0.278,0.769]],"o":[[0.018,0.197],[-0.168,-0.106],[-0.193,-0.726],[0.258,-0.706],[0.519,-1.224],[-1.031,-0.838],[-0.876,0.609],[-0.304,0.817],[0.152,0.711],[0.494,0.683],[0.478,0.662],[0.817,0.021],[0.153,-0.802],[0,0]],"v":[[2.238,2.194],[1.802,2.387],[1.521,1.882],[1.41,-0.331],[3.194,-1.159],[2.299,-4.763],[-1.412,-4.902],[-3.16,-2.283],[-3.529,0.27],[-2.516,2.182],[-1.038,4.229],[0.851,5.639],[2.495,4.098],[2.129,1.703]],"c":false},"ix":2},"nm":"Path 1","mn":"ADBE Vector Shape - Group","hd":false},{"ty":"fl","c":{"a":0,"k":[0.815686334348,0.572549019608,0.443137284821,1],"ix":4},"o":{"a":0,"k":100,"ix":5},"r":1,"bm":0,"nm":"Fill 1","mn":"ADBE Vector Graphic - Fill","hd":false},{"ty":"tr","p":{"a":0,"k":[428.338,94.302],"ix":2},"a":{"a":0,"k":[0,0],"ix":1},"s":{"a":0,"k":[100,100],"ix":3},"r":{"a":0,"k":0,"ix":6},"o":{"a":0,"k":100,"ix":7},"sk":{"a":0,"k":0,"ix":4},"sa":{"a":0,"k":0,"ix":5},"nm":"Transform"}],"nm":"Group 24","np":2,"cix":2,"bm":0,"ix":24,"mn":"ADBE Vector Group","hd":false},{"ty":"gr","it":[{"ind":0,"ty":"sh","ix":1,"ks":{"a":0,"k":{"i":[[0.566,1.454],[1.512,0.003],[2.929,0.249],[0.97,-2.775],[-0.243,-1.953],[1.838,-0.709],[1.965,1.734],[2.034,-0.903],[0.833,-1.658],[1.444,-4.11],[0.996,-1.059],[1.649,-0.685],[1.299,1.226],[0.559,2.963],[0.575,3.139],[-0.386,1.718],[-2.353,3.858],[-7.146,1.967],[-7.309,-1.237],[-2.776,-1.656],[-3.775,0.34],[1.307,-0.406],[-1.305,-1.428],[0.954,-0.062],[2.263,-0.245],[1.634,0.24],[-0.413,-0.268]],"o":[[0.548,1.41],[-2.94,-0.005],[-2.928,-0.249],[-0.651,1.857],[0.243,1.954],[-1.613,-2.066],[-1.668,-1.473],[-1.696,0.753],[-1.955,3.893],[-0.481,1.373],[-1.223,1.3],[-1.648,0.685],[-2.193,-2.069],[-0.591,-3.135],[-0.318,-1.732],[0.99,-4.408],[3.86,-6.329],[7.148,-1.967],[3.186,0.54],[3.256,1.944],[-1.013,0.919],[1.752,0.815],[-0.504,0.845],[1.009,1.714],[-1.605,0.174],[0.403,0.214],[-1.039,0.339]],"v":[[18.857,-6.579],[15.913,-4.123],[7.223,-5.527],[-0.129,-1.936],[0.122,3.899],[-1.939,8.968],[-4.954,1.825],[-11.262,1.749],[-15.469,5.223],[-15.298,18.059],[-17.771,21.614],[-21.951,24.896],[-26.978,24.294],[-28.523,15.624],[-32.358,6.907],[-31.935,1.679],[-27.359,-11.015],[-9.677,-23.614],[12.378,-24.139],[21.551,-21.188],[31.568,-16.329],[28.029,-14.311],[32.676,-10.903],[30.258,-9.536],[28.339,-4.794],[23.305,-6.611],[24.561,-5.591]],"c":true},"ix":2},"nm":"Path 1","mn":"ADBE Vector Shape - Group","hd":false},{"ty":"fl","c":{"a":0,"k":[0.694117647059,0.36862745098,0.16862745098,1],"ix":4},"o":{"a":0,"k":100,"ix":5},"r":1,"bm":0,"nm":"Fill 1","mn":"ADBE Vector Graphic - Fill","hd":false},{"ty":"tr","p":{"a":0,"k":[437.622,84.957],"ix":2},"a":{"a":0,"k":[0,0],"ix":1},"s":{"a":0,"k":[100,100],"ix":3},"r":{"a":0,"k":0,"ix":6},"o":{"a":0,"k":100,"ix":7},"sk":{"a":0,"k":0,"ix":4},"sa":{"a":0,"k":0,"ix":5},"nm":"Transform"}],"nm":"Group 25","np":2,"cix":2,"bm":0,"ix":25,"mn":"ADBE Vector Group","hd":false},{"ty":"gr","it":[{"ind":0,"ty":"sh","ix":1,"ks":{"a":0,"k":{"i":[[-4.057,-6.541],[-1.034,-2.253],[1.269,-3.634],[3.115,-3.363],[3.992,0.979],[4.088,0.43],[3.525,-3.711],[1.177,0.209],[0.492,0.662],[1.965,2.643],[0.069,4.157],[0.222,3.223],[-11.453,2.781],[-7.742,-5.686]],"o":[[1.306,2.106],[-3.593,1.38],[-1.513,4.327],[-2.794,3.017],[-3.994,-0.979],[-5.091,-0.533],[-0.821,0.867],[-0.811,-0.145],[-1.965,-2.643],[2.804,-3.07],[-0.055,-3.232],[-0.811,-11.76],[8.942,-2.17],[7.756,5.697]],"v":[[22.899,-3.146],[28.198,1.958],[20.411,9.989],[16.396,22.959],[4.858,25.175],[-7.001,21.86],[-20.908,26.989],[-23.88,28.696],[-25.754,27.178],[-31.652,19.249],[-27.341,7.859],[-28.619,-1.743],[-7.803,-26.736],[23.896,-22.331]],"c":true},"ix":2},"nm":"Path 1","mn":"ADBE Vector Shape - Group","hd":false},{"ty":"fl","c":{"a":0,"k":[1,0.701960784314,0.541176470588,1],"ix":4},"o":{"a":0,"k":100,"ix":5},"r":1,"bm":0,"nm":"Fill 1","mn":"ADBE Vector Graphic - Fill","hd":false},{"ty":"tr","p":{"a":0,"k":[441.114,94.117],"ix":2},"a":{"a":0,"k":[0,0],"ix":1},"s":{"a":0,"k":[100,100],"ix":3},"r":{"a":0,"k":0,"ix":6},"o":{"a":0,"k":100,"ix":7},"sk":{"a":0,"k":0,"ix":4},"sa":{"a":0,"k":0,"ix":5},"nm":"Transform"}],"nm":"Group 26","np":2,"cix":2,"bm":0,"ix":26,"mn":"ADBE Vector Group","hd":false}],"ip":0,"op":60,"st":0,"bm":0},{"ddd":0,"ind":3,"ty":4,"nm":"Layer 5 Outlines","sr":1,"ks":{"o":{"a":0,"k":100,"ix":11},"r":{"a":0,"k":0,"ix":10},"p":{"a":1,"k":[{"i":{"x":0.833,"y":0.833},"o":{"x":0.167,"y":0.167},"t":0,"s":[225,223.5,0],"to":[0,0.167,0],"ti":[0,0,0]},{"i":{"x":0.833,"y":0.833},"o":{"x":0.167,"y":0.167},"t":5,"s":[225,224.5,0],"to":[0,0,0],"ti":[0,0,0]},{"i":{"x":0.833,"y":0.833},"o":{"x":0.167,"y":0.167},"t":10,"s":[225,223.5,0],"to":[0,0,0],"ti":[0,0,0]},{"i":{"x":0.833,"y":0.833},"o":{"x":0.167,"y":0.167},"t":15,"s":[225,224.5,0],"to":[0,0,0],"ti":[0,0,0]},{"i":{"x":0.833,"y":0.833},"o":{"x":0.167,"y":0.167},"t":20,"s":[225,223.5,0],"to":[0,0,0],"ti":[0,0,0]},{"i":{"x":0.833,"y":0.833},"o":{"x":0.167,"y":0.167},"t":25,"s":[225,224.5,0],"to":[0,0,0],"ti":[0,0,0]},{"i":{"x":0.833,"y":0.833},"o":{"x":0.167,"y":0.167},"t":30,"s":[225,223.5,0],"to":[0,0,0],"ti":[0,0,0]},{"i":{"x":0.833,"y":0.833},"o":{"x":0.167,"y":0.167},"t":35,"s":[225,224.5,0],"to":[0,0,0],"ti":[0,0,0]},{"i":{"x":0.833,"y":0.833},"o":{"x":0.167,"y":0.167},"t":40,"s":[225,223.5,0],"to":[0,0,0],"ti":[0,0,0]},{"i":{"x":0.833,"y":0.833},"o":{"x":0.167,"y":0.167},"t":45,"s":[225,224.5,0],"to":[0,0,0],"ti":[0,0,0]},{"i":{"x":0.833,"y":0.833},"o":{"x":0.167,"y":0.167},"t":50,"s":[225,223.5,0],"to":[0,0,0],"ti":[0,0,0]},{"i":{"x":0.833,"y":0.833},"o":{"x":0.167,"y":0.167},"t":55,"s":[225,224.5,0],"to":[0,0,0],"ti":[0,0.167,0]},{"t":60,"s":[225,223.5,0]}],"ix":2},"a":{"a":0,"k":[400,225,0],"ix":1},"s":{"a":0,"k":[100,100,100],"ix":6}},"ao":0,"shapes":[{"ty":"gr","it":[{"ind":0,"ty":"sh","ix":1,"ks":{"a":0,"k":{"i":[[-34.041,0],[-4.386,-32.841],[1.559,-1.782],[0.217,-0.202],[30.019,0],[8.595,-27.175],[0.203,0.229],[-0.313,2.345]],"o":[[34.041,0],[0.314,2.347],[-0.202,0.229],[-8.596,-27.175],[-30.018,0],[-0.219,-0.202],[-1.558,-1.782],[4.387,-32.841]],"v":[[0,-32.546],[66.552,25.626],[64.66,31.897],[64.029,32.546],[0,-14.33],[-64.028,32.546],[-64.66,31.897],[-66.552,25.626]],"c":true},"ix":2},"nm":"Path 1","mn":"ADBE Vector Shape - Group","hd":false},{"ty":"fl","c":{"a":0,"k":[0.956862804936,0.407843167174,0,1],"ix":4},"o":{"a":0,"k":100,"ix":5},"r":1,"bm":0,"nm":"Fill 1","mn":"ADBE Vector Graphic - Fill","hd":false},{"ty":"tr","p":{"a":0,"k":[296.447,310.309],"ix":2},"a":{"a":0,"k":[0,0],"ix":1},"s":{"a":0,"k":[100,100],"ix":3},"r":{"a":0,"k":0,"ix":6},"o":{"a":0,"k":100,"ix":7},"sk":{"a":0,"k":0,"ix":4},"sa":{"a":0,"k":0,"ix":5},"nm":"Transform"}],"nm":"Group 1","np":2,"cix":2,"bm":0,"ix":1,"mn":"ADBE Vector Group","hd":false},{"ty":"gr","it":[{"ind":0,"ty":"sh","ix":1,"ks":{"a":0,"k":{"i":[[-40.096,0],[-5.166,-38.682],[1.836,-2.099],[2.789,0],[0,0],[1.838,2.099],[-0.37,2.762]],"o":[[40.096,0],[0.37,2.764],[-1.837,2.099],[0,0],[-2.788,0],[-1.834,-2.097],[5.166,-38.682]],"v":[[0,-39.546],[78.389,28.975],[76.16,36.358],[69.134,39.546],[-69.136,39.546],[-76.162,36.358],[-78.389,28.975]],"c":true},"ix":2},"nm":"Path 1","mn":"ADBE Vector Shape - Group","hd":false},{"ty":"fl","c":{"a":0,"k":[1,0.462745127958,0.101960791794,1],"ix":4},"o":{"a":0,"k":100,"ix":5},"r":1,"bm":0,"nm":"Fill 1","mn":"ADBE Vector Graphic - Fill","hd":false},{"ty":"tr","p":{"a":0,"k":[296.447,309.664],"ix":2},"a":{"a":0,"k":[0,0],"ix":1},"s":{"a":0,"k":[100,100],"ix":3},"r":{"a":0,"k":0,"ix":6},"o":{"a":0,"k":100,"ix":7},"sk":{"a":0,"k":0,"ix":4},"sa":{"a":0,"k":0,"ix":5},"nm":"Transform"}],"nm":"Group 2","np":2,"cix":2,"bm":0,"ix":2,"mn":"ADBE Vector Group","hd":false}],"ip":0,"op":60,"st":0,"bm":0},{"ddd":0,"ind":4,"ty":4,"nm":"wheel 2","sr":1,"ks":{"o":{"a":0,"k":100,"ix":11},"r":{"a":1,"k":[{"i":{"x":[0.833],"y":[0.833]},"o":{"x":[0.167],"y":[0.167]},"t":0,"s":[0]},{"t":60,"s":[720]}],"ix":10},"p":{"a":0,"k":[121.596,345.665,0],"ix":2},"a":{"a":0,"k":[296.596,344.165,0],"ix":1},"s":{"a":0,"k":[100,100,100],"ix":6}},"ao":0,"shapes":[{"ty":"gr","it":[{"ind":0,"ty":"sh","ix":1,"ks":{"a":0,"k":{"i":[[0,0],[-0.737,0.214],[0,0],[0,0],[0,0],[0,0],[-0.685,-0.377],[0,0],[0,0],[0,0],[0,0],[-0.214,-0.737],[0,0],[0,0],[0,0],[0,0],[0.379,-0.687],[0,0],[0,0],[0,0],[0,0],[0.737,-0.213],[0,0],[0,0],[0,0],[0,0],[0.685,0.375],[0,0],[0,0],[0,0],[0,0],[0.214,0.737],[0,0],[0,0],[0,0],[0,0],[-0.377,0.684],[0,0],[0,0],[0,0]],"o":[[0.685,-0.377],[0,0],[0,0],[0,0],[0,0],[0.737,0.214],[0,0],[0,0],[0,0],[0,0],[0.377,0.684],[0,0],[0,0],[0,0],[0,0],[-0.212,0.737],[0,0],[0,0],[0,0],[0,0],[-0.686,0.377],[0,0],[0,0],[0,0],[0,0],[-0.737,-0.213],[0,0],[0,0],[0,0],[0,0],[-0.377,-0.685],[0,0],[0,0],[0,0],[0,0],[0.214,-0.737],[0,0],[0,0],[0,0],[0,0]],"v":[[-5.082,-9.24],[-2.94,-10.126],[-1.543,-28.285],[-0.001,-28.285],[1.543,-28.285],[2.94,-10.126],[5.082,-9.24],[18.911,-21.091],[20.001,-20.002],[21.092,-18.91],[9.24,-5.081],[10.126,-2.94],[28.285,-1.543],[28.285,-0.001],[28.285,1.544],[10.124,2.94],[9.238,5.082],[21.092,18.91],[20.001,20.002],[18.91,21.091],[5.081,9.238],[2.94,10.124],[1.543,28.285],[-0.001,28.285],[-1.543,28.285],[-2.94,10.126],[-5.082,9.24],[-18.91,21.091],[-20.001,20.002],[-21.092,18.91],[-9.24,5.082],[-10.126,2.94],[-28.285,1.544],[-28.285,-0.001],[-28.285,-1.543],[-10.126,-2.94],[-9.24,-5.081],[-21.092,-18.91],[-20.001,-20.002],[-18.91,-21.091]],"c":true},"ix":2},"nm":"Path 1","mn":"ADBE Vector Shape - Group","hd":false},{"ty":"fl","c":{"a":0,"k":[0.619607843137,0.760784373564,0.760784373564,1],"ix":4},"o":{"a":0,"k":100,"ix":5},"r":1,"bm":0,"nm":"Fill 1","mn":"ADBE Vector Graphic - Fill","hd":false},{"ty":"tr","p":{"a":0,"k":[296.596,344.166],"ix":2},"a":{"a":0,"k":[0,0],"ix":1},"s":{"a":0,"k":[100,100],"ix":3},"r":{"a":0,"k":0,"ix":6},"o":{"a":0,"k":100,"ix":7},"sk":{"a":0,"k":0,"ix":4},"sa":{"a":0,"k":0,"ix":5},"nm":"Transform"}],"nm":"Group 1","np":2,"cix":2,"bm":0,"ix":1,"mn":"ADBE Vector Group","hd":false},{"ty":"gr","it":[{"ind":0,"ty":"sh","ix":1,"ks":{"a":0,"k":{"i":[[21.075,0],[0,-21.074],[-21.075,0],[0,21.074]],"o":[[-21.075,0],[0,21.074],[21.075,0],[0,-21.074]],"v":[[0,-38.158],[-38.157,0.001],[0,38.158],[38.157,0.001]],"c":true},"ix":2},"nm":"Path 1","mn":"ADBE Vector Shape - Group","hd":false},{"ind":1,"ty":"sh","ix":2,"ks":{"a":0,"k":{"i":[[16.274,0],[0,16.273],[-16.273,0],[0,-16.273]],"o":[[-16.273,0],[0,-16.273],[16.274,0],[0,16.273]],"v":[[0,29.47],[-29.469,0.001],[0,-29.469],[29.469,0.001]],"c":true},"ix":2},"nm":"Path 2","mn":"ADBE Vector Shape - Group","hd":false},{"ty":"mm","mm":1,"nm":"Merge Paths 1","mn":"ADBE Vector Filter - Merge","hd":false},{"ty":"fl","c":{"a":0,"k":[0.462745127958,0.56862745098,0.56862745098,1],"ix":4},"o":{"a":0,"k":100,"ix":5},"r":1,"bm":0,"nm":"Fill 1","mn":"ADBE Vector Graphic - Fill","hd":false},{"ty":"tr","p":{"a":0,"k":[296.596,344.165],"ix":2},"a":{"a":0,"k":[0,0],"ix":1},"s":{"a":0,"k":[100,100],"ix":3},"r":{"a":0,"k":0,"ix":6},"o":{"a":0,"k":100,"ix":7},"sk":{"a":0,"k":0,"ix":4},"sa":{"a":0,"k":0,"ix":5},"nm":"Transform"}],"nm":"Group 2","np":4,"cix":2,"bm":0,"ix":2,"mn":"ADBE Vector Group","hd":false},{"ty":"gr","it":[{"ind":0,"ty":"sh","ix":1,"ks":{"a":0,"k":{"i":[[14.343,0],[0,-14.343],[-14.343,0],[0,14.344]],"o":[[-14.343,0],[0,14.344],[14.343,0],[0,-14.343]],"v":[[0,-25.969],[-25.97,0],[0,25.971],[25.969,0]],"c":true},"ix":2},"nm":"Path 1","mn":"ADBE Vector Shape - Group","hd":false},{"ind":1,"ty":"sh","ix":2,"ks":{"a":0,"k":{"i":[[-23.005,0],[0,-23.006],[23.006,0],[0,23.006]],"o":[[23.006,0],[0,23.006],[-23.005,0],[0,-23.006]],"v":[[0,-41.655],[41.656,0],[0,41.656],[-41.656,0]],"c":true},"ix":2},"nm":"Path 2","mn":"ADBE Vector Shape - Group","hd":false},{"ty":"mm","mm":1,"nm":"Merge Paths 1","mn":"ADBE Vector Filter - Merge","hd":false},{"ty":"fl","c":{"a":0,"k":[0.619607843137,0.760784373564,0.760784373564,1],"ix":4},"o":{"a":0,"k":100,"ix":5},"r":1,"bm":0,"nm":"Fill 1","mn":"ADBE Vector Graphic - Fill","hd":false},{"ty":"tr","p":{"a":0,"k":[296.596,344.165],"ix":2},"a":{"a":0,"k":[0,0],"ix":1},"s":{"a":0,"k":[100,100],"ix":3},"r":{"a":0,"k":0,"ix":6},"o":{"a":0,"k":100,"ix":7},"sk":{"a":0,"k":0,"ix":4},"sa":{"a":0,"k":0,"ix":5},"nm":"Transform"}],"nm":"Group 3","np":4,"cix":2,"bm":0,"ix":3,"mn":"ADBE Vector Group","hd":false},{"ty":"gr","it":[{"ind":0,"ty":"sh","ix":1,"ks":{"a":0,"k":{"i":[[23.006,0],[0,-23.006],[-23.005,0],[0,23.006]],"o":[[-23.005,0],[0,23.006],[23.006,0],[0,-23.006]],"v":[[0,-41.656],[-41.656,0],[0,41.655],[41.657,0]],"c":true},"ix":2},"nm":"Path 1","mn":"ADBE Vector Shape - Group","hd":false},{"ind":1,"ty":"sh","ix":2,"ks":{"a":0,"k":{"i":[[-30.958,0],[0,-30.958],[30.959,0],[0,30.958]],"o":[[30.959,0],[0,30.958],[-30.958,0],[0,-30.958]],"v":[[0,-56.055],[56.055,0],[0,56.055],[-56.055,0]],"c":true},"ix":2},"nm":"Path 2","mn":"ADBE Vector Shape - Group","hd":false},{"ty":"mm","mm":1,"nm":"Merge Paths 1","mn":"ADBE Vector Filter - Merge","hd":false},{"ty":"fl","c":{"a":0,"k":[0.117647066303,0.117647066303,0.117647066303,1],"ix":4},"o":{"a":0,"k":100,"ix":5},"r":1,"bm":0,"nm":"Fill 1","mn":"ADBE Vector Graphic - Fill","hd":false},{"ty":"tr","p":{"a":0,"k":[296.596,344.165],"ix":2},"a":{"a":0,"k":[0,0],"ix":1},"s":{"a":0,"k":[100,100],"ix":3},"r":{"a":0,"k":0,"ix":6},"o":{"a":0,"k":100,"ix":7},"sk":{"a":0,"k":0,"ix":4},"sa":{"a":0,"k":0,"ix":5},"nm":"Transform"}],"nm":"Group 4","np":4,"cix":2,"bm":0,"ix":4,"mn":"ADBE Vector Group","hd":false}],"ip":0,"op":60,"st":0,"bm":0},{"ddd":0,"ind":5,"ty":4,"nm":"Layer 7 Outlines","parent":3,"sr":1,"ks":{"o":{"a":0,"k":100,"ix":11},"r":{"a":0,"k":0,"ix":10},"p":{"a":0,"k":[400,228,0],"ix":2},"a":{"a":0,"k":[400,225,0],"ix":1},"s":{"a":0,"k":[100,100,100],"ix":6}},"ao":0,"shapes":[{"ty":"gr","it":[{"ind":0,"ty":"sh","ix":1,"ks":{"a":0,"k":{"i":[[-39.583,0],[-6.01,-1.636],[-0.483,-1.818],[1.331,-1.331],[0,0],[1.818,0.483],[0.495,1.816],[0,6.531]],"o":[[6.53,0],[1.816,0.495],[0.485,1.82],[0,0],[-1.331,1.331],[-1.818,-0.483],[-1.637,-6.01],[0,-39.583]],"v":[[24.354,-47.319],[43.221,-44.807],[46.833,-41.173],[45.502,-36.222],[-36.224,45.503],[-41.173,46.836],[-44.808,43.222],[-47.319,24.355]],"c":true},"ix":2},"nm":"Path 1","mn":"ADBE Vector Shape - Group","hd":false},{"ty":"fl","c":{"a":0,"k":[1,0.462745127958,0.101960791794,1],"ix":4},"o":{"a":0,"k":100,"ix":5},"r":1,"bm":0,"nm":"Fill 1","mn":"ADBE Vector Graphic - Fill","hd":false},{"ty":"tr","p":{"a":0,"k":[514.561,319.81],"ix":2},"a":{"a":0,"k":[0,0],"ix":1},"s":{"a":0,"k":[100,100],"ix":3},"r":{"a":0,"k":0,"ix":6},"o":{"a":0,"k":100,"ix":7},"sk":{"a":0,"k":0,"ix":4},"sa":{"a":0,"k":0,"ix":5},"nm":"Transform"}],"nm":"Group 1","np":2,"cix":2,"bm":0,"ix":1,"mn":"ADBE Vector Group","hd":false}],"ip":0,"op":60,"st":0,"bm":0},{"ddd":0,"ind":6,"ty":4,"nm":"Body","sr":1,"ks":{"o":{"a":0,"k":100,"ix":11},"r":{"a":0,"k":0,"ix":10},"p":{"a":1,"k":[{"i":{"x":0.833,"y":0.833},"o":{"x":0.167,"y":0.167},"t":0,"s":[225,226.5,0],"to":[0,-0.333,0],"ti":[0,0,0]},{"i":{"x":0.833,"y":0.833},"o":{"x":0.167,"y":0.167},"t":5,"s":[225,224.5,0],"to":[0,0,0],"ti":[0,0,0]},{"i":{"x":0.833,"y":0.833},"o":{"x":0.167,"y":0.167},"t":10,"s":[225,226.5,0],"to":[0,0,0],"ti":[0,0,0]},{"i":{"x":0.833,"y":0.833},"o":{"x":0.167,"y":0.167},"t":15,"s":[225,224.5,0],"to":[0,0,0],"ti":[0,0,0]},{"i":{"x":0.833,"y":0.833},"o":{"x":0.167,"y":0.167},"t":20,"s":[225,226.5,0],"to":[0,0,0],"ti":[0,0,0]},{"i":{"x":0.833,"y":0.833},"o":{"x":0.167,"y":0.167},"t":25,"s":[225,224.5,0],"to":[0,0,0],"ti":[0,0,0]},{"i":{"x":0.833,"y":0.833},"o":{"x":0.167,"y":0.167},"t":30,"s":[225,226.5,0],"to":[0,0,0],"ti":[0,0,0]},{"i":{"x":0.833,"y":0.833},"o":{"x":0.167,"y":0.167},"t":35,"s":[225,224.5,0],"to":[0,0,0],"ti":[0,0,0]},{"i":{"x":0.833,"y":0.833},"o":{"x":0.167,"y":0.167},"t":40,"s":[225,226.5,0],"to":[0,0,0],"ti":[0,0,0]},{"i":{"x":0.833,"y":0.833},"o":{"x":0.167,"y":0.167},"t":45,"s":[225,224.5,0],"to":[0,0,0],"ti":[0,0,0]},{"i":{"x":0.833,"y":0.833},"o":{"x":0.167,"y":0.167},"t":50,"s":[225,226.5,0],"to":[0,0,0],"ti":[0,0,0]},{"i":{"x":0.833,"y":0.833},"o":{"x":0.167,"y":0.167},"t":55,"s":[225,224.5,0],"to":[0,0,0],"ti":[0,-0.333,0]},{"t":60,"s":[225,226.5,0]}],"ix":2},"a":{"a":0,"k":[400,225,0],"ix":1},"s":{"a":0,"k":[100,100,100],"ix":6}},"ao":0,"shapes":[{"ty":"gr","it":[{"ind":0,"ty":"sh","ix":1,"ks":{"a":0,"k":{"i":[[1.068,0.276],[0,0],[0.276,-1.069],[0,0],[-1.069,-0.276],[0,0],[-0.274,1.067],[0,0]],"o":[[0,0],[-1.07,-0.274],[0,0],[-0.276,1.068],[0,0],[1.069,0.275],[0,0],[0.274,-1.068]],"v":[[11.086,-0.341],[-9.548,-5.642],[-11.992,-4.198],[-12.527,-2.103],[-11.085,0.341],[9.548,5.64],[11.991,4.197],[12.529,2.103]],"c":true},"ix":2},"nm":"Path 1","mn":"ADBE Vector Shape - Group","hd":false},{"ty":"fl","c":{"a":0,"k":[0,0,0,1],"ix":4},"o":{"a":0,"k":100,"ix":5},"r":1,"bm":0,"nm":"Fill 1","mn":"ADBE Vector Graphic - Fill","hd":false},{"ty":"tr","p":{"a":0,"k":[480.06,190.726],"ix":2},"a":{"a":0,"k":[0,0],"ix":1},"s":{"a":0,"k":[100,100],"ix":3},"r":{"a":0,"k":0,"ix":6},"o":{"a":0,"k":100,"ix":7},"sk":{"a":0,"k":0,"ix":4},"sa":{"a":0,"k":0,"ix":5},"nm":"Transform"}],"nm":"Group 1","np":2,"cix":2,"bm":0,"ix":1,"mn":"ADBE Vector Group","hd":false},{"ty":"gr","it":[{"ind":0,"ty":"sh","ix":1,"ks":{"a":0,"k":{"i":[[-1.359,0],[0,0],[0,-1.359],[0,0],[1.358,0],[0,0],[0,1.359],[0,0]],"o":[[0,0],[1.358,0],[0,0],[0,1.359],[0,0],[-1.359,0],[0,0],[0,-1.359]],"v":[[-56.806,-10.265],[56.807,-10.265],[59.276,-7.795],[59.276,7.796],[56.807,10.266],[-56.806,10.266],[-59.276,7.796],[-59.276,-7.795]],"c":true},"ix":2},"nm":"Path 1","mn":"ADBE Vector Shape - Group","hd":false},{"ty":"fl","c":{"a":0,"k":[0,0,0,1],"ix":4},"o":{"a":0,"k":100,"ix":5},"r":1,"bm":0,"nm":"Fill 1","mn":"ADBE Vector Graphic - Fill","hd":false},{"ty":"tr","p":{"a":0,"k":[349.292,248.229],"ix":2},"a":{"a":0,"k":[0,0],"ix":1},"s":{"a":0,"k":[100,100],"ix":3},"r":{"a":0,"k":0,"ix":6},"o":{"a":0,"k":100,"ix":7},"sk":{"a":0,"k":0,"ix":4},"sa":{"a":0,"k":0,"ix":5},"nm":"Transform"}],"nm":"Group 2","np":2,"cix":2,"bm":0,"ix":2,"mn":"ADBE Vector Group","hd":false},{"ty":"gr","it":[{"ind":0,"ty":"sh","ix":1,"ks":{"a":0,"k":{"i":[[0.968,-0.268],[0,0],[-0.87,0.1],[0,0],[0.117,1.02],[0,0],[1.02,-0.111],[0,0]],"o":[[0,0],[0.849,0.014],[0,0],[1.019,-0.121],[0,0],[-0.116,-1.02],[0,0],[-1.037,0.118]],"v":[[-4.159,-14.687],[-0.242,15.375],[2.337,15.249],[2.406,15.243],[4.042,13.176],[0.978,-13.633],[-1.082,-15.278],[-1.151,-15.27]],"c":true},"ix":2},"nm":"Path 1","mn":"ADBE Vector Shape - Group","hd":false},{"ty":"fl","c":{"a":0,"k":[1,0.462745127958,0.101960791794,1],"ix":4},"o":{"a":0,"k":100,"ix":5},"r":1,"bm":0,"nm":"Fill 1","mn":"ADBE Vector Graphic - Fill","hd":false},{"ty":"tr","p":{"a":0,"k":[518.89,216.133],"ix":2},"a":{"a":0,"k":[0,0],"ix":1},"s":{"a":0,"k":[100,100],"ix":3},"r":{"a":0,"k":0,"ix":6},"o":{"a":0,"k":100,"ix":7},"sk":{"a":0,"k":0,"ix":4},"sa":{"a":0,"k":0,"ix":5},"nm":"Transform"}],"nm":"Group 3","np":2,"cix":2,"bm":0,"ix":3,"mn":"ADBE Vector Group","hd":false},{"ty":"gr","it":[{"ind":0,"ty":"sh","ix":1,"ks":{"a":0,"k":{"i":[[-9.53,1.09],[0,0],[-0.116,-1.019],[0,0],[1.019,-0.122],[0,0],[0.963,8.429]],"o":[[0,0],[1.02,-0.112],[0,0],[0.117,1.019],[0,0],[-9.529,1.09],[-0.964,-8.427]],"v":[[5.582,-15.745],[5.651,-15.753],[7.711,-14.109],[10.775,12.701],[9.139,14.768],[9.07,14.775],[-9.928,1.486]],"c":true},"ix":2},"nm":"Path 1","mn":"ADBE Vector Shape - Group","hd":false},{"ty":"fl","c":{"a":0,"k":[0.956862804936,0.407843167174,0,1],"ix":4},"o":{"a":0,"k":100,"ix":5},"r":1,"bm":0,"nm":"Fill 1","mn":"ADBE Vector Graphic - Fill","hd":false},{"ty":"tr","p":{"a":0,"k":[512.158,216.608],"ix":2},"a":{"a":0,"k":[0,0],"ix":1},"s":{"a":0,"k":[100,100],"ix":3},"r":{"a":0,"k":0,"ix":6},"o":{"a":0,"k":100,"ix":7},"sk":{"a":0,"k":0,"ix":4},"sa":{"a":0,"k":0,"ix":5},"nm":"Transform"}],"nm":"Group 4","np":2,"cix":2,"bm":0,"ix":4,"mn":"ADBE Vector Group","hd":false},{"ty":"gr","it":[{"ind":0,"ty":"sh","ix":1,"ks":{"a":0,"k":{"i":[[-2.83,0.239],[-0.633,-7.467],[2.83,-0.24],[0.633,7.465]],"o":[[2.831,-0.239],[0.632,7.465],[-2.83,0.239],[-0.632,-7.467]],"v":[[-1.145,-13.52],[5.125,-0.433],[1.145,13.52],[-5.125,0.435]],"c":true},"ix":2},"nm":"Path 1","mn":"ADBE Vector Shape - Group","hd":false},{"ty":"fl","c":{"a":0,"k":[0.988235353956,0.811764765721,0,1],"ix":4},"o":{"a":0,"k":100,"ix":5},"r":1,"bm":0,"nm":"Fill 1","mn":"ADBE Vector Graphic - Fill","hd":false},{"ty":"tr","p":{"a":0,"k":[520.023,216.167],"ix":2},"a":{"a":0,"k":[0,0],"ix":1},"s":{"a":0,"k":[100,100],"ix":3},"r":{"a":0,"k":0,"ix":6},"o":{"a":0,"k":100,"ix":7},"sk":{"a":0,"k":0,"ix":4},"sa":{"a":0,"k":0,"ix":5},"nm":"Transform"}],"nm":"Group 5","np":2,"cix":2,"bm":0,"ix":5,"mn":"ADBE Vector Group","hd":false},{"ty":"gr","it":[{"ind":0,"ty":"sh","ix":1,"ks":{"a":0,"k":{"i":[[0.723,0],[0,0],[0,-0.724],[0,0],[-0.723,0],[0,0],[0,0.724],[0,0]],"o":[[0,0],[-0.723,0],[0,0],[0,0.724],[0,0],[0.723,0],[0,0],[0,-0.724]],"v":[[54.374,-3.745],[-54.374,-3.745],[-55.689,-2.43],[-55.689,2.43],[-54.374,3.745],[54.374,3.745],[55.689,2.43],[55.689,-2.43]],"c":true},"ix":2},"nm":"Path 1","mn":"ADBE Vector Shape - Group","hd":false},{"ty":"fl","c":{"a":0,"k":[1,0.462745127958,0.101960791794,1],"ix":4},"o":{"a":0,"k":100,"ix":5},"r":1,"bm":0,"nm":"Fill 1","mn":"ADBE Vector Graphic - Fill","hd":false},{"ty":"tr","p":{"a":0,"k":[406.112,360.902],"ix":2},"a":{"a":0,"k":[0,0],"ix":1},"s":{"a":0,"k":[100,100],"ix":3},"r":{"a":0,"k":0,"ix":6},"o":{"a":0,"k":100,"ix":7},"sk":{"a":0,"k":0,"ix":4},"sa":{"a":0,"k":0,"ix":5},"nm":"Transform"}],"nm":"Group 6","np":2,"cix":2,"bm":0,"ix":6,"mn":"ADBE Vector Group","hd":false},{"ty":"gr","it":[{"ind":0,"ty":"sh","ix":1,"ks":{"a":0,"k":{"i":[[-0.214,2.53],[0,0],[-9.912,16.459],[0,0],[2.997,12.499],[0,0],[-3.53,0],[0,0],[-1.03,-4.238],[0,0],[3.856,-6.471],[0,0],[0,0],[0,0],[0,0]],"o":[[0,0],[15.771,0],[0,0],[5.532,-9.189],[0,0],[-0.883,-3.684],[0,0],[4.36,0],[0,0],[1.78,7.321],[0,0],[0,0],[0,0],[0,0],[0.467,-2.448]],"v":[[-82.037,77.85],[-32.46,77.85],[14.416,63.656],[57.92,-8.586],[60.514,-37.291],[50.572,-78.741],[52.813,-85.324],[57.372,-85.324],[66.443,-78.195],[75.244,-41.99],[79.205,-3.993],[25.971,85.323],[22.685,85.323],[2.199,85.323],[-83.061,85.323]],"c":true},"ix":2},"nm":"Path 1","mn":"ADBE Vector Shape - Group","hd":false},{"ty":"fl","c":{"a":0,"k":[0.956862804936,0.407843167174,0,1],"ix":4},"o":{"a":0,"k":100,"ix":5},"r":1,"bm":0,"nm":"Fill 1","mn":"ADBE Vector Graphic - Fill","hd":false},{"ty":"tr","p":{"a":0,"k":[435.677,272.45],"ix":2},"a":{"a":0,"k":[0,0],"ix":1},"s":{"a":0,"k":[100,100],"ix":3},"r":{"a":0,"k":0,"ix":6},"o":{"a":0,"k":100,"ix":7},"sk":{"a":0,"k":0,"ix":4},"sa":{"a":0,"k":0,"ix":5},"nm":"Transform"}],"nm":"Group 7","np":2,"cix":2,"bm":0,"ix":7,"mn":"ADBE Vector Group","hd":false},{"ty":"gr","it":[{"ind":0,"ty":"sh","ix":1,"ks":{"a":0,"k":{"i":[[-3.803,0],[0,0],[-13.146,28.427],[0,0],[1.419,-3.588],[-10.145,-23.405]],"o":[[0,0],[-17.092,-26.626],[0,0],[-3.86,0.056],[-9.724,24.584],[1.513,3.488]],"v":[[5.425,42.286],[11.045,42.286],[13.286,-42.286],[8.887,-42.221],[0.344,-36.322],[-3.141,36.665]],"c":true},"ix":2},"nm":"Path 1","mn":"ADBE Vector Shape - Group","hd":false},{"ty":"fl","c":{"a":0,"k":[1,0.462745127958,0.101960791794,1],"ix":4},"o":{"a":0,"k":100,"ix":5},"r":1,"bm":0,"nm":"Fill 1","mn":"ADBE Vector Graphic - Fill","hd":false},{"ty":"tr","p":{"a":0,"k":[383.346,304.884],"ix":2},"a":{"a":0,"k":[0,0],"ix":1},"s":{"a":0,"k":[100,100],"ix":3},"r":{"a":0,"k":0,"ix":6},"o":{"a":0,"k":100,"ix":7},"sk":{"a":0,"k":0,"ix":4},"sa":{"a":0,"k":0,"ix":5},"nm":"Transform"}],"nm":"Group 8","np":2,"cix":2,"bm":0,"ix":8,"mn":"ADBE Vector Group","hd":false},{"ty":"gr","it":[{"ind":0,"ty":"sh","ix":1,"ks":{"a":0,"k":{"i":[[0.926,1.088],[0,0],[-21.919,-24.868],[0,0],[0,0],[0,0],[2.05,2.34],[-0.411,3.081],[-40.688,2.161]],"o":[[0,0],[-20.993,41.23],[0,0],[0,0],[0,0],[-3.11,0],[-2.046,-2.339],[5.593,-41.877],[4.853,-0.257]],"v":[[-17.202,-46.323],[93.996,-47.953],[93.996,47.953],[43.056,47.953],[39.451,44.391],[-83.265,44.391],[-91.1,40.837],[-93.585,32.604],[-21.726,-42.514]],"c":true},"ix":2},"nm":"Path 1","mn":"ADBE Vector Shape - Group","hd":false},{"ty":"fl","c":{"a":0,"k":[0.956862804936,0.407843167174,0,1],"ix":4},"o":{"a":0,"k":100,"ix":5},"r":1,"bm":0,"nm":"Fill 1","mn":"ADBE Vector Graphic - Fill","hd":false},{"ty":"tr","p":{"a":0,"k":[311.652,304.818],"ix":2},"a":{"a":0,"k":[0,0],"ix":1},"s":{"a":0,"k":[100,100],"ix":3},"r":{"a":0,"k":0,"ix":6},"o":{"a":0,"k":100,"ix":7},"sk":{"a":0,"k":0,"ix":4},"sa":{"a":0,"k":0,"ix":5},"nm":"Transform"}],"nm":"Group 9","np":2,"cix":2,"bm":0,"ix":9,"mn":"ADBE Vector Group","hd":false}],"ip":0,"op":60,"st":0,"bm":0},{"ddd":0,"ind":7,"ty":4,"nm":"Layer 9 Outlines","parent":3,"sr":1,"ks":{"o":{"a":0,"k":100,"ix":11},"r":{"a":0,"k":0,"ix":10},"p":{"a":0,"k":[400,228,0],"ix":2},"a":{"a":0,"k":[400,225,0],"ix":1},"s":{"a":0,"k":[100,100,100],"ix":6}},"ao":0,"shapes":[{"ty":"gr","it":[{"ind":0,"ty":"sh","ix":1,"ks":{"a":0,"k":{"i":[[0,0],[0,0],[0,0],[2.281,-2.281],[1.597,2.803]],"o":[[0,0],[0,0],[1.597,2.804],[-2.281,2.281],[0,0]],"v":[[-27.06,-36.457],[-16.9,-42.324],[25.464,32.03],[23.317,40.044],[15.304,37.897]],"c":true},"ix":2},"nm":"Path 1","mn":"ADBE Vector Shape - Group","hd":false},{"ty":"fl","c":{"a":0,"k":[0,0,0,1],"ix":4},"o":{"a":0,"k":100,"ix":5},"r":1,"bm":0,"nm":"Fill 1","mn":"ADBE Vector Graphic - Fill","hd":false},{"ty":"tr","p":{"a":0,"k":[518.114,309.813],"ix":2},"a":{"a":0,"k":[0,0],"ix":1},"s":{"a":0,"k":[100,100],"ix":3},"r":{"a":0,"k":0,"ix":6},"o":{"a":0,"k":100,"ix":7},"sk":{"a":0,"k":0,"ix":4},"sa":{"a":0,"k":0,"ix":5},"nm":"Transform"}],"nm":"Group 1","np":2,"cix":2,"bm":0,"ix":1,"mn":"ADBE Vector Group","hd":false}],"ip":0,"op":60,"st":0,"bm":0},{"ddd":0,"ind":8,"ty":4,"nm":"Wheel","sr":1,"ks":{"o":{"a":0,"k":100,"ix":11},"r":{"a":1,"k":[{"i":{"x":[0.833],"y":[0.833]},"o":{"x":[0.167],"y":[0.167]},"t":0,"s":[0]},{"t":60,"s":[720]}],"ix":10},"p":{"a":0,"k":[363.916,345.665,0],"ix":2},"a":{"a":0,"k":[538.916,344.165,0],"ix":1},"s":{"a":0,"k":[100,100,100],"ix":6}},"ao":0,"shapes":[{"ty":"gr","it":[{"ind":0,"ty":"sh","ix":1,"ks":{"a":0,"k":{"i":[[0,0],[-0.738,0.214],[0,0],[0,0],[0,0],[0,0],[-0.685,-0.377],[0,0],[0,0],[0,0],[0,0],[-0.214,-0.737],[0,0],[0,0],[0,0],[0,0],[0.377,-0.687],[0,0],[0,0],[0,0],[0,0],[0.737,-0.213],[0,0],[0,0],[0,0],[0,0],[0.685,0.375],[0,0],[0,0],[0,0],[0,0],[0.214,0.737],[0,0],[0,0],[0,0],[0,0],[-0.378,0.684],[0,0],[0,0],[0,0]],"o":[[0.685,-0.377],[0,0],[0,0],[0,0],[0,0],[0.738,0.214],[0,0],[0,0],[0,0],[0,0],[0.378,0.684],[0,0],[0,0],[0,0],[0,0],[-0.214,0.737],[0,0],[0,0],[0,0],[0,0],[-0.685,0.377],[0,0],[0,0],[0,0],[0,0],[-0.738,-0.213],[0,0],[0,0],[0,0],[0,0],[-0.378,-0.685],[0,0],[0,0],[0,0],[0,0],[0.214,-0.737],[0,0],[0,0],[0,0],[0,0]],"v":[[-5.082,-9.24],[-2.94,-10.126],[-1.542,-28.285],[0,-28.285],[1.543,-28.285],[2.94,-10.126],[5.081,-9.24],[18.911,-21.091],[20,-20.002],[21.093,-18.91],[9.24,-5.081],[10.125,-2.94],[28.286,-1.543],[28.286,-0.001],[28.286,1.544],[10.125,2.94],[9.24,5.082],[21.093,18.91],[20,20.002],[18.909,21.091],[5.081,9.238],[2.94,10.124],[1.543,28.285],[0,28.285],[-1.542,28.285],[-2.94,10.126],[-5.081,9.24],[-18.91,21.091],[-20,20.002],[-21.091,18.91],[-9.24,5.082],[-10.126,2.94],[-28.285,1.544],[-28.285,-0.001],[-28.285,-1.543],[-10.126,-2.94],[-9.24,-5.081],[-21.091,-18.91],[-20,-20.002],[-18.91,-21.091]],"c":true},"ix":2},"nm":"Path 1","mn":"ADBE Vector Shape - Group","hd":false},{"ty":"fl","c":{"a":0,"k":[0.619607843137,0.760784373564,0.760784373564,1],"ix":4},"o":{"a":0,"k":100,"ix":5},"r":1,"bm":0,"nm":"Fill 1","mn":"ADBE Vector Graphic - Fill","hd":false},{"ty":"tr","p":{"a":0,"k":[538.916,344.166],"ix":2},"a":{"a":0,"k":[0,0],"ix":1},"s":{"a":0,"k":[100,100],"ix":3},"r":{"a":0,"k":0,"ix":6},"o":{"a":0,"k":100,"ix":7},"sk":{"a":0,"k":0,"ix":4},"sa":{"a":0,"k":0,"ix":5},"nm":"Transform"}],"nm":"Group 1","np":2,"cix":2,"bm":0,"ix":1,"mn":"ADBE Vector Group","hd":false},{"ty":"gr","it":[{"ind":0,"ty":"sh","ix":1,"ks":{"a":0,"k":{"i":[[21.074,0],[0,-21.074],[-21.074,0],[0,21.074]],"o":[[-21.074,0],[0,21.074],[21.074,0],[0,-21.074]],"v":[[0,-38.158],[-38.158,0.001],[0,38.158],[38.158,0.001]],"c":true},"ix":2},"nm":"Path 1","mn":"ADBE Vector Shape - Group","hd":false},{"ind":1,"ty":"sh","ix":2,"ks":{"a":0,"k":{"i":[[16.273,0],[0,16.273],[-16.273,0],[0,-16.273]],"o":[[-16.273,0],[0,-16.273],[16.273,0],[0,16.273]],"v":[[0,29.47],[-29.469,0.001],[0,-29.469],[29.469,0.001]],"c":true},"ix":2},"nm":"Path 2","mn":"ADBE Vector Shape - Group","hd":false},{"ty":"mm","mm":1,"nm":"Merge Paths 1","mn":"ADBE Vector Filter - Merge","hd":false},{"ty":"fl","c":{"a":0,"k":[0.462745127958,0.56862745098,0.56862745098,1],"ix":4},"o":{"a":0,"k":100,"ix":5},"r":1,"bm":0,"nm":"Fill 1","mn":"ADBE Vector Graphic - Fill","hd":false},{"ty":"tr","p":{"a":0,"k":[538.916,344.165],"ix":2},"a":{"a":0,"k":[0,0],"ix":1},"s":{"a":0,"k":[100,100],"ix":3},"r":{"a":0,"k":0,"ix":6},"o":{"a":0,"k":100,"ix":7},"sk":{"a":0,"k":0,"ix":4},"sa":{"a":0,"k":0,"ix":5},"nm":"Transform"}],"nm":"Group 2","np":4,"cix":2,"bm":0,"ix":2,"mn":"ADBE Vector Group","hd":false},{"ty":"gr","it":[{"ind":0,"ty":"sh","ix":1,"ks":{"a":0,"k":{"i":[[14.343,0],[0,-14.343],[-14.342,0],[0,14.344]],"o":[[-14.342,0],[0,14.344],[14.343,0],[0,-14.343]],"v":[[0,-25.969],[-25.97,0],[0,25.971],[25.969,0]],"c":true},"ix":2},"nm":"Path 1","mn":"ADBE Vector Shape - Group","hd":false},{"ind":1,"ty":"sh","ix":2,"ks":{"a":0,"k":{"i":[[-23.006,0],[0,-23.006],[23.006,0],[0,23.006]],"o":[[23.006,0],[0,23.006],[-23.006,0],[0,-23.006]],"v":[[0,-41.655],[41.656,0],[0,41.656],[-41.656,0]],"c":true},"ix":2},"nm":"Path 2","mn":"ADBE Vector Shape - Group","hd":false},{"ty":"mm","mm":1,"nm":"Merge Paths 1","mn":"ADBE Vector Filter - Merge","hd":false},{"ty":"fl","c":{"a":0,"k":[0.619607843137,0.760784373564,0.760784373564,1],"ix":4},"o":{"a":0,"k":100,"ix":5},"r":1,"bm":0,"nm":"Fill 1","mn":"ADBE Vector Graphic - Fill","hd":false},{"ty":"tr","p":{"a":0,"k":[538.916,344.165],"ix":2},"a":{"a":0,"k":[0,0],"ix":1},"s":{"a":0,"k":[100,100],"ix":3},"r":{"a":0,"k":0,"ix":6},"o":{"a":0,"k":100,"ix":7},"sk":{"a":0,"k":0,"ix":4},"sa":{"a":0,"k":0,"ix":5},"nm":"Transform"}],"nm":"Group 3","np":4,"cix":2,"bm":0,"ix":3,"mn":"ADBE Vector Group","hd":false},{"ty":"gr","it":[{"ind":0,"ty":"sh","ix":1,"ks":{"a":0,"k":{"i":[[23.006,0],[0,-23.006],[-23.006,0],[0,23.006]],"o":[[-23.006,0],[0,23.006],[23.006,0],[0,-23.006]],"v":[[0,-41.656],[-41.656,0],[0,41.655],[41.656,0]],"c":true},"ix":2},"nm":"Path 1","mn":"ADBE Vector Shape - Group","hd":false},{"ind":1,"ty":"sh","ix":2,"ks":{"a":0,"k":{"i":[[-30.958,0],[0,-30.958],[30.958,0],[0,30.958]],"o":[[30.958,0],[0,30.958],[-30.958,0],[0,-30.958]],"v":[[0,-56.055],[56.055,0],[0,56.055],[-56.055,0]],"c":true},"ix":2},"nm":"Path 2","mn":"ADBE Vector Shape - Group","hd":false},{"ty":"mm","mm":1,"nm":"Merge Paths 1","mn":"ADBE Vector Filter - Merge","hd":false},{"ty":"fl","c":{"a":0,"k":[0.117647066303,0.117647066303,0.117647066303,1],"ix":4},"o":{"a":0,"k":100,"ix":5},"r":1,"bm":0,"nm":"Fill 1","mn":"ADBE Vector Graphic - Fill","hd":false},{"ty":"tr","p":{"a":0,"k":[538.916,344.165],"ix":2},"a":{"a":0,"k":[0,0],"ix":1},"s":{"a":0,"k":[100,100],"ix":3},"r":{"a":0,"k":0,"ix":6},"o":{"a":0,"k":100,"ix":7},"sk":{"a":0,"k":0,"ix":4},"sa":{"a":0,"k":0,"ix":5},"nm":"Transform"}],"nm":"Group 4","np":4,"cix":2,"bm":0,"ix":4,"mn":"ADBE Vector Group","hd":false},{"ty":"gr","it":[{"ind":0,"ty":"sh","ix":1,"ks":{"a":0,"k":{"i":[[0,6.992],[-6.99,0],[0,-6.99],[6.992,0]],"o":[[0,-6.99],[6.992,0],[0,6.992],[-6.99,0]],"v":[[-12.658,-0.001],[-0.001,-12.658],[12.658,-0.001],[-0.001,12.658]],"c":true},"ix":2},"nm":"Path 1","mn":"ADBE Vector Shape - Group","hd":false},{"ty":"fl","c":{"a":0,"k":[0.619607843137,0.760784373564,0.760784373564,1],"ix":4},"o":{"a":0,"k":100,"ix":5},"r":1,"bm":0,"nm":"Fill 1","mn":"ADBE Vector Graphic - Fill","hd":false},{"ty":"tr","p":{"a":0,"k":[538.915,344.166],"ix":2},"a":{"a":0,"k":[0,0],"ix":1},"s":{"a":0,"k":[100,100],"ix":3},"r":{"a":0,"k":0,"ix":6},"o":{"a":0,"k":100,"ix":7},"sk":{"a":0,"k":0,"ix":4},"sa":{"a":0,"k":0,"ix":5},"nm":"Transform"}],"nm":"Group 5","np":2,"cix":2,"bm":0,"ix":5,"mn":"ADBE Vector Group","hd":false},{"ty":"gr","it":[{"ind":0,"ty":"sh","ix":1,"ks":{"a":0,"k":{"i":[[4.944,4.943],[-4.943,4.943],[-4.944,-4.942],[4.943,-4.943]],"o":[[-4.943,-4.943],[4.944,-4.942],[4.943,4.943],[-4.944,4.943]],"v":[[-8.951,8.951],[-8.951,-8.952],[8.951,-8.952],[8.951,8.951]],"c":true},"ix":2},"nm":"Path 1","mn":"ADBE Vector Shape - Group","hd":false},{"ty":"fl","c":{"a":0,"k":[0.619607843137,0.760784373564,0.760784373564,1],"ix":4},"o":{"a":0,"k":100,"ix":5},"r":1,"bm":0,"nm":"Fill 1","mn":"ADBE Vector Graphic - Fill","hd":false},{"ty":"tr","p":{"a":0,"k":[538.916,344.166],"ix":2},"a":{"a":0,"k":[0,0],"ix":1},"s":{"a":0,"k":[100,100],"ix":3},"r":{"a":0,"k":0,"ix":6},"o":{"a":0,"k":100,"ix":7},"sk":{"a":0,"k":0,"ix":4},"sa":{"a":0,"k":0,"ix":5},"nm":"Transform"}],"nm":"Group 6","np":2,"cix":2,"bm":0,"ix":6,"mn":"ADBE Vector Group","hd":false},{"ty":"gr","it":[{"ind":0,"ty":"sh","ix":1,"ks":{"a":0,"k":{"i":[[6.991,0],[0,6.99],[-6.991,0],[0,-6.992]],"o":[[-6.991,0],[0,-6.992],[6.991,0],[0,6.99]],"v":[[0,12.659],[-12.658,0.002],[0,-12.658],[12.657,0.002]],"c":true},"ix":2},"nm":"Path 1","mn":"ADBE Vector Shape - Group","hd":false},{"ty":"fl","c":{"a":0,"k":[0.619607843137,0.760784373564,0.760784373564,1],"ix":4},"o":{"a":0,"k":100,"ix":5},"r":1,"bm":0,"nm":"Fill 1","mn":"ADBE Vector Graphic - Fill","hd":false},{"ty":"tr","p":{"a":0,"k":[538.915,344.166],"ix":2},"a":{"a":0,"k":[0,0],"ix":1},"s":{"a":0,"k":[100,100],"ix":3},"r":{"a":0,"k":0,"ix":6},"o":{"a":0,"k":100,"ix":7},"sk":{"a":0,"k":0,"ix":4},"sa":{"a":0,"k":0,"ix":5},"nm":"Transform"}],"nm":"Group 7","np":2,"cix":2,"bm":0,"ix":7,"mn":"ADBE Vector Group","hd":false},{"ty":"gr","it":[{"ind":0,"ty":"sh","ix":1,"ks":{"a":0,"k":{"i":[[4.944,-4.943],[4.944,4.943],[-4.942,4.943],[-4.943,-4.942]],"o":[[-4.943,4.943],[-4.942,-4.943],[4.944,-4.942],[4.944,4.943]],"v":[[8.95,8.951],[-8.952,8.951],[-8.952,-8.952],[8.95,-8.952]],"c":true},"ix":2},"nm":"Path 1","mn":"ADBE Vector Shape - Group","hd":false},{"ty":"fl","c":{"a":0,"k":[0.619607843137,0.760784373564,0.760784373564,1],"ix":4},"o":{"a":0,"k":100,"ix":5},"r":1,"bm":0,"nm":"Fill 1","mn":"ADBE Vector Graphic - Fill","hd":false},{"ty":"tr","p":{"a":0,"k":[538.917,344.166],"ix":2},"a":{"a":0,"k":[0,0],"ix":1},"s":{"a":0,"k":[100,100],"ix":3},"r":{"a":0,"k":0,"ix":6},"o":{"a":0,"k":100,"ix":7},"sk":{"a":0,"k":0,"ix":4},"sa":{"a":0,"k":0,"ix":5},"nm":"Transform"}],"nm":"Group 8","np":2,"cix":2,"bm":0,"ix":8,"mn":"ADBE Vector Group","hd":false},{"ty":"gr","it":[{"ind":0,"ty":"sh","ix":1,"ks":{"a":0,"k":{"i":[[0,-6.99],[6.991,0],[0,6.992],[-6.99,0]],"o":[[0,6.992],[-6.99,0],[0,-6.99],[6.991,0]],"v":[[12.659,-0.001],[-0.001,12.658],[-12.659,-0.001],[-0.001,-12.658]],"c":true},"ix":2},"nm":"Path 1","mn":"ADBE Vector Shape - Group","hd":false},{"ty":"fl","c":{"a":0,"k":[0.619607843137,0.760784373564,0.760784373564,1],"ix":4},"o":{"a":0,"k":100,"ix":5},"r":1,"bm":0,"nm":"Fill 1","mn":"ADBE Vector Graphic - Fill","hd":false},{"ty":"tr","p":{"a":0,"k":[538.917,344.166],"ix":2},"a":{"a":0,"k":[0,0],"ix":1},"s":{"a":0,"k":[100,100],"ix":3},"r":{"a":0,"k":0,"ix":6},"o":{"a":0,"k":100,"ix":7},"sk":{"a":0,"k":0,"ix":4},"sa":{"a":0,"k":0,"ix":5},"nm":"Transform"}],"nm":"Group 9","np":2,"cix":2,"bm":0,"ix":9,"mn":"ADBE Vector Group","hd":false},{"ty":"gr","it":[{"ind":0,"ty":"sh","ix":1,"ks":{"a":0,"k":{"i":[[-4.944,-4.943],[4.943,-4.945],[4.943,4.942],[-4.943,4.943]],"o":[[4.943,4.943],[-4.944,4.942],[-4.943,-4.945],[4.943,-4.943]],"v":[[8.951,-8.951],[8.951,8.952],[-8.951,8.952],[-8.951,-8.951]],"c":true},"ix":2},"nm":"Path 1","mn":"ADBE Vector Shape - Group","hd":false},{"ty":"fl","c":{"a":0,"k":[0.619607843137,0.760784373564,0.760784373564,1],"ix":4},"o":{"a":0,"k":100,"ix":5},"r":1,"bm":0,"nm":"Fill 1","mn":"ADBE Vector Graphic - Fill","hd":false},{"ty":"tr","p":{"a":0,"k":[538.917,344.166],"ix":2},"a":{"a":0,"k":[0,0],"ix":1},"s":{"a":0,"k":[100,100],"ix":3},"r":{"a":0,"k":0,"ix":6},"o":{"a":0,"k":100,"ix":7},"sk":{"a":0,"k":0,"ix":4},"sa":{"a":0,"k":0,"ix":5},"nm":"Transform"}],"nm":"Group 10","np":2,"cix":2,"bm":0,"ix":10,"mn":"ADBE Vector Group","hd":false},{"ty":"gr","it":[{"ind":0,"ty":"sh","ix":1,"ks":{"a":0,"k":{"i":[[-6.972,0],[0,6.972],[6.972,0],[0,-6.972]],"o":[[6.972,0],[0,-6.972],[-6.972,0],[0,6.972]],"v":[[0,12.659],[12.657,0],[0,-12.658],[-12.658,0]],"c":true},"ix":2},"nm":"Path 1","mn":"ADBE Vector Shape - Group","hd":false},{"ty":"fl","c":{"a":0,"k":[0.619607843137,0.760784373564,0.760784373564,1],"ix":4},"o":{"a":0,"k":100,"ix":5},"r":1,"bm":0,"nm":"Fill 1","mn":"ADBE Vector Graphic - Fill","hd":false},{"ty":"tr","p":{"a":0,"k":[538.915,344.166],"ix":2},"a":{"a":0,"k":[0,0],"ix":1},"s":{"a":0,"k":[100,100],"ix":3},"r":{"a":0,"k":0,"ix":6},"o":{"a":0,"k":100,"ix":7},"sk":{"a":0,"k":0,"ix":4},"sa":{"a":0,"k":0,"ix":5},"nm":"Transform"}],"nm":"Group 11","np":2,"cix":2,"bm":0,"ix":11,"mn":"ADBE Vector Group","hd":false}],"ip":0,"op":60,"st":0,"bm":0}],"markers":[]}